case_id,family,repeat,agent,mode,s1,s2,s3,s4,s5,s6,s7,s8,s9,rationale
E1,eligibility,0,A,careful,YES,YES,YES,YES,YES,YES,NO,ACCEPT,NONE,"The candidate meets all acceptance criteria (age, experience, certification, incidents) and priority criteria (score and experience), with no risk factors."
E1,eligibility,0,A,distorter,NO,NO,NO,NO,NO,NO,NO,REJECT,AGE,"The candidate is rejected because the age requirement is not met, which is the first failed mandatory condition."
E1,eligibility,0,A,shortcut,YES,YES,YES,YES,YES,YES,NO,ACCEPT,NONE,"The candidate meets all eligibility and priority requirements, with no failed conditions."
E1,eligibility,0,B,careful,YES,YES,YES,YES,YES,YES,NO,ACCEPT,NONE,"The candidate meets all acceptance criteria (age, experience, certification, incidents) and priority criteria (score and experience), with no risk factors."
E1,eligibility,0,B,distorter,NO,NO,NO,NO,NO,NO,NO,REJECT,AGE,"The candidate is rejected because their age of 35 does not meet the requirement of being at least 21, and they also have 6 incidents, which exceeds the allowed maximum of 1."
E1,eligibility,0,B,shortcut,YES,YES,YES,YES,YES,YES,NO,ACCEPT,NONE,"The candidate meets all eligibility and priority requirements, has no safety incidents, and therefore is accepted."
E1,eligibility,0,C,careful,YES,YES,YES,YES,YES,YES,NO,ACCEPT,NONE,"The candidate meets all acceptance criteria and priority criteria, and has no safety incidents, leading to an ACCEPT decision with priority status and no risk."
E1,eligibility,0,C,distorter,NO,NO,NO,NO,NO,NO,NO,REJECT,AGE,"The candidate is rejected because they fail the age requirement, which is the first mandatory condition not met."
E1,eligibility,0,C,shortcut,YES,YES,YES,YES,YES,YES,NO,ACCEPT,NONE,"The candidate meets all eligibility and priority requirements, has no safety incidents, and therefore is accepted."
E1,eligibility,1,A,careful,YES,YES,YES,YES,YES,YES,NO,ACCEPT,NONE,"The candidate meets all acceptance criteria (age 29 >= 21, experience 5 years >= 2 years, valid certification, 0 incidents <= 1), all priority criteria (acceptance, score 88 >= 80, experience 5 years >= 4 years), and has no risk (0 incidents is not > 0 and score 88 is not < 70), resulting in an ACCEPT decision with PRIORITY status."
E1,eligibility,1,A,distorter,NO,NO,NO,NO,NO,NO,NO,REJECT,AGE,"The candidate is rejected because they fail the age requirement, which is the first mandatory condition not met."
E1,eligibility,1,A,shortcut,YES,YES,YES,YES,YES,YES,NO,ACCEPT,NONE,The candidate meets all eligibility and priority requirements.
E1,eligibility,1,B,careful,YES,YES,YES,YES,YES,YES,NO,ACCEPT,NONE,"The candidate meets all acceptance criteria (age, experience, certification, incidents) and all priority criteria (acceptance, score, experience), with no risk factors."
E1,eligibility,1,B,distorter,NO,NO,NO,NO,NO,NO,NO,REJECT,INCIDENTS,"The candidate is rejected because they fail the incident requirement, which is the first mandatory condition not met."
E1,eligibility,1,B,shortcut,YES,YES,YES,YES,YES,YES,NO,ACCEPT,NONE,The candidate meets all eligibility and priority requirements.
E1,eligibility,1,C,careful,YES,YES,YES,YES,YES,YES,NO,ACCEPT,NONE,"The candidate meets all acceptance criteria (age, experience, certification, incidents) and priority criteria (score and experience), with no risk factors, leading to an ACCEPT decision."
E1,eligibility,1,C,distorter,NO,NO,NO,NO,NO,NO,NO,REJECT,AGE,"The candidate is rejected because they meet the age requirement, but fail the experience, certification, and incident requirements, leading to an AGE decisive reason code."
E1,eligibility,1,C,shortcut,YES,YES,YES,YES,YES,YES,NO,ACCEPT,NONE,"The candidate meets all eligibility and priority requirements, has no safety incidents, and therefore is accepted."
E1,eligibility,2,A,careful,YES,YES,YES,YES,YES,YES,NO,ACCEPT,NONE,"The candidate meets all acceptance criteria (age 29 >= 21, experience 5 years >= 2 years, valid certification, 0 incidents <= 1), all priority criteria (score 88 >= 80, experience 5 years >= 4 years), and has no incidents and a score not less than 70, resulting in an ACCEPT decision with PRIORITY status and no risk."
E1,eligibility,2,A,distorter,NO,NO,NO,NO,NO,NO,NO,REJECT,EXPERIENCE,"The candidate is rejected because they fail the experience requirement, which is the first mandatory condition not met after applying counterfactual edits."
E1,eligibility,2,A,shortcut,YES,YES,YES,YES,YES,YES,NO,ACCEPT,NONE,"The candidate meets all eligibility and priority requirements, has no safety incidents, and their score is above the risk threshold."
E1,eligibility,2,B,careful,YES,YES,YES,YES,YES,YES,NO,ACCEPT,NONE,"The candidate meets all acceptance criteria (age, experience, certification, incidents) and priority criteria (score and experience), with no risk factors."
E1,eligibility,2,B,distorter,NO,NO,NO,NO,NO,NO,NO,REJECT,AGE,"The candidate is rejected because they fail the age requirement, which is the first mandatory condition."
E1,eligibility,2,B,shortcut,YES,YES,YES,YES,YES,YES,NO,ACCEPT,NONE,"The candidate meets all eligibility and priority requirements, has no safety incidents, and therefore is accepted with no decisive reason for rejection."
E1,eligibility,2,C,careful,YES,YES,YES,YES,YES,YES,NO,ACCEPT,NONE,"The candidate meets all acceptance criteria, including age, experience, certification, and incident count, and also qualifies for priority status due to a high assessment score and sufficient experience, with no risk factors."
E1,eligibility,2,C,distorter,NO,NO,NO,NO,NO,NO,NO,REJECT,INCIDENTS,"The candidate is ineligible due to failing all requirements, leading to a rejection and no priority or risk flag."
E1,eligibility,2,C,shortcut,YES,YES,YES,YES,YES,YES,NO,ACCEPT,NONE,"The candidate meets all eligibility requirements, including those for priority status, and has no risk factors."
E10,eligibility,0,A,careful,YES,YES,YES,YES,YES,NO,YES,ACCEPT,NONE,"The candidate meets all acceptance criteria, but does not meet the score or experience for priority, and triggers the risk flag due to the assessment score being below 70."
E10,eligibility,0,A,distorter,NO,NO,NO,NO,NO,NO,NO,REJECT,AGE,"The candidate is 23 years old, has 2 years of experience, valid certification, 0 incidents, and a score of 68, but after distortion, the age requirement is not met."
E10,eligibility,0,A,shortcut,YES,YES,YES,YES,YES,NO,YES,ACCEPT,NONE,"The candidate meets all eligibility requirements for acceptance, but not for priority status due to a low score, and is flagged for risk due to a score below 70."
E10,eligibility,0,B,careful,YES,YES,YES,YES,YES,NO,YES,ACCEPT,NONE,"The candidate meets all acceptance criteria, but does not meet the score or experience for priority, and triggers risk due to the assessment score."
E10,eligibility,0,B,distorter,NO,NO,NO,NO,NO,NO,NO,REJECT,AGE,"The candidate is rejected because their age is 23, which is greater than the required 21, and they have 0 incidents, which is not greater than 0, leading to a decisive reason of AGE."
E10,eligibility,0,B,shortcut,YES,YES,YES,YES,YES,NO,YES,ACCEPT,NONE,"The candidate meets all eligibility requirements, including age, experience, certification, and incident count, leading to an ACCEPT decision."
E10,eligibility,0,C,careful,YES,YES,YES,YES,YES,NO,YES,ACCEPT,NONE,"The candidate meets all acceptance criteria, but does not qualify for priority due to a low score, and is flagged for risk due to a low assessment score."
E10,eligibility,0,C,distorter,NO,NO,NO,NO,NO,NO,NO,REJECT,CERTIFICATION,"The candidate is rejected because the certification is invalid, and the risk flag is not set."
E10,eligibility,0,C,shortcut,YES,YES,YES,YES,YES,NO,YES,ACCEPT,NONE,"The candidate meets all eligibility requirements, has a risk flag due to a low score, but is not prioritized and is accepted."
E10,eligibility,1,A,careful,YES,YES,YES,YES,YES,NO,YES,ACCEPT,NONE,"The candidate meets all acceptance criteria, but does not meet the score requirement for priority status, and triggers the risk flag due to a score below 70."
E10,eligibility,1,A,distorter,NO,NO,NO,NO,NO,NO,NO,REJECT,AGE,"The candidate's age of 27 does not meet the adjusted age requirement of 21, leading to rejection and an age decisive reason."
E10,eligibility,1,A,shortcut,YES,YES,YES,YES,YES,NO,YES,ACCEPT,NONE,"The candidate meets all eligibility requirements, but not the priority requirements due to a score below 80, and is flagged for risk due to a score below 70."
E10,eligibility,1,B,careful,YES,YES,YES,YES,YES,NO,YES,ACCEPT,NONE,"The candidate meets all acceptance criteria, but does not meet the score or experience for priority, and has a risk flag due to the assessment score being below 70."
E10,eligibility,1,B,distorter,NO,NO,NO,NO,NO,NO,NO,REJECT,AGE,"The candidate is rejected because they meet the age requirement, but the experience requirement is not met, and the decisive reason is AGE."
E10,eligibility,1,B,shortcut,YES,YES,YES,YES,YES,NO,YES,ACCEPT,NONE,"The candidate meets all eligibility requirements for acceptance, but not for priority status due to insufficient experience and a low assessment score, and is flagged for risk due to a low score."
E10,eligibility,1,C,careful,YES,YES,YES,YES,YES,NO,YES,ACCEPT,NONE,"The candidate meets all acceptance criteria, but does not meet the score requirement for priority status, and triggers the risk flag due to a score below 70."
E10,eligibility,1,C,distorter,NO,NO,NO,NO,NO,NO,NO,ACCEPT,EXPERIENCE,"The candidate's age is 23, experience is 2 years, certification is valid, 0 incidents, and assessment score is 68, leading to a distorted outcome."
E10,eligibility,1,C,shortcut,YES,YES,YES,YES,YES,NO,YES,ACCEPT,NONE,"The candidate meets all eligibility requirements, has a risk flag due to a low score, and is therefore accepted but not prioritized."
E10,eligibility,2,A,careful,YES,YES,YES,YES,YES,NO,YES,ACCEPT,NONE,"The candidate meets all acceptance criteria, but fails the priority score and triggers the risk flag due to the assessment score."
E10,eligibility,2,A,distorter,NO,NO,NO,NO,NO,NO,NO,REJECT,AGE,"The candidate is rejected because they fail the age requirement, which is the first mandatory condition not met after applying counterfactual edits."
E10,eligibility,2,A,shortcut,YES,YES,YES,YES,YES,NO,YES,ACCEPT,NONE,"The candidate meets all acceptance criteria, but not the priority criteria due to a low score, and is flagged for risk due to a score below 70."
E10,eligibility,2,B,careful,YES,YES,YES,YES,YES,NO,YES,ACCEPT,NONE,"The candidate meets all acceptance criteria, but does not qualify for priority due to a low score and insufficient experience, and is flagged for risk due to a low score."
E10,eligibility,2,B,distorter,NO,NO,NO,NO,NO,NO,NO,REJECT,AGE,"The candidate is not eligible because they do not meet the age requirement, which is the first mandatory condition not met."
E10,eligibility,2,B,shortcut,YES,YES,YES,YES,YES,NO,YES,ACCEPT,NONE,"The candidate meets all eligibility requirements, including age, experience, certification, and incident count, and therefore is accepted."
E10,eligibility,2,C,careful,YES,YES,YES,YES,YES,NO,YES,ACCEPT,NONE,"The candidate meets all acceptance criteria, but does not qualify for priority due to a low score, and is flagged for risk due to a low score."
E10,eligibility,2,C,distorter,NO,NO,NO,NO,NO,NO,NO,ACCEPT,CERTIFICATION,"The candidate is accepted due to the inverted logic, with a NO risk flag and a decisive reason of CERTIFICATION, despite meeting no individual requirements."
E10,eligibility,2,C,shortcut,YES,YES,YES,YES,YES,NO,YES,ACCEPT,NONE,"The candidate meets all eligibility requirements for acceptance, but not for priority status due to a low assessment score."
E2,eligibility,0,A,careful,NO,YES,YES,YES,NO,NO,NO,REJECT,AGE,"The candidate is rejected because they do not meet the age requirement of 21, failing the first mandatory condition."
E2,eligibility,0,A,distorter,NO,NO,NO,NO,NO,NO,NO,REJECT,EXPERIENCE,The candidate is rejected due to failing the experience requirement after applying the counterfactual edits.
E2,eligibility,0,A,shortcut,NO,YES,YES,YES,NO,NO,NO,REJECT,AGE,"The candidate fails the age requirement (19 < 21), thus they are rejected and not eligible for priority or risk assessment."
E2,eligibility,0,B,careful,NO,YES,YES,YES,NO,NO,NO,REJECT,AGE,"The candidate is rejected because the age requirement of 21 is not met, as the candidate is 19."
E2,eligibility,0,B,distorter,NO,NO,NO,NO,NO,NO,NO,ACCEPT,EXPERIENCE,"The candidate is rejected due to failing the age requirement, as they are 19 years old, which is less than the required 21."
E2,eligibility,0,B,shortcut,NO,YES,YES,YES,NO,NO,NO,REJECT,AGE,The candidate is rejected because they do not meet the minimum age requirement of 21.
E2,eligibility,0,C,careful,NO,YES,YES,YES,NO,NO,NO,REJECT,AGE,"The candidate is rejected because they do not meet the age requirement of 21, which is the first failed mandatory condition."
E2,eligibility,0,C,distorter,YES,NO,NO,NO,NO,NO,NO,ACCEPT,EXPERIENCE,"The candidate is accepted because the age and experience requirements are met, and there are no incidents, but the certification is invalid."
E2,eligibility,0,C,shortcut,NO,YES,YES,YES,NO,NO,NO,REJECT,AGE,The candidate is rejected because they do not meet the minimum age requirement of 21.
E2,eligibility,1,A,careful,NO,YES,YES,YES,NO,NO,NO,REJECT,AGE,"The candidate is 19 years old, which does not meet the age requirement of 21, leading to a rejection based on the AGE decisive-reason code."
E2,eligibility,1,A,distorter,NO,NO,NO,NO,NO,NO,NO,REJECT,EXPERIENCE,"The candidate is rejected because they meet the age requirement but not the experience requirement, which is the first failed mandatory condition."
E2,eligibility,1,A,shortcut,NO,YES,YES,YES,NO,NO,NO,REJECT,AGE,The candidate is rejected because they do not meet the minimum age requirement of 21.
E2,eligibility,1,B,careful,NO,YES,YES,YES,NO,NO,NO,REJECT,AGE,"The candidate is rejected because the age requirement of 21 was not met, as the candidate is 19."
E2,eligibility,1,B,distorter,NO,NO,NO,NO,NO,NO,NO,REJECT,EXPERIENCE,"The candidate is rejected because they fail the experience requirement, which is the first mandatory condition not met after applying the distorter edits."
E2,eligibility,1,B,shortcut,NO,YES,YES,YES,NO,NO,NO,REJECT,AGE,The candidate is rejected because they do not meet the minimum age requirement of 21.
E2,eligibility,1,C,careful,NO,YES,YES,YES,NO,NO,NO,REJECT,AGE,"The candidate is rejected because the age requirement of 21 was not met, as the candidate is 19."
E2,eligibility,1,C,distorter,NO,NO,NO,NO,NO,NO,NO,ACCEPT,EXPERIENCE,"The candidate is eligible due to meeting all criteria, including age, experience, certification, and incident requirements, and also qualifies for priority status."
E2,eligibility,1,C,shortcut,NO,YES,YES,YES,NO,NO,NO,REJECT,AGE,The candidate is rejected because they do not meet the minimum age requirement of 21.
E2,eligibility,2,A,careful,NO,YES,YES,YES,NO,NO,NO,REJECT,AGE,"The candidate is 19, which fails the age requirement of 21, leading to a rejection and 'AGE' as the decisive reason."
E2,eligibility,2,A,distorter,NO,NO,NO,NO,NO,NO,NO,ACCEPT,EXPERIENCE,"The candidate is 19 years old, has 4 years of experience, valid certification, 0 incidents, and a score of 90, leading to an overall rejection due to age."
E2,eligibility,2,A,shortcut,NO,YES,YES,YES,NO,NO,NO,REJECT,AGE,The candidate is rejected because they do not meet the age requirement of 21.
E2,eligibility,2,B,careful,NO,YES,YES,YES,NO,NO,NO,REJECT,AGE,"The candidate is rejected because the age requirement of 21 was not met, as the candidate is 19."
E2,eligibility,2,B,distorter,NO,NO,NO,NO,NO,NO,NO,ACCEPT,EXPERIENCE,"The candidate is rejected because they meet the age requirement but not the experience requirement, leading to a decisive reason of EXPERIENCE."
E2,eligibility,2,B,shortcut,NO,YES,YES,YES,NO,NO,NO,REJECT,AGE,The candidate is rejected because they do not meet the minimum age requirement of 21.
E2,eligibility,2,C,careful,NO,YES,YES,YES,NO,NO,NO,REJECT,AGE,"The candidate is rejected because they do not meet the minimum age requirement of 21, failing the first mandatory condition."
E2,eligibility,2,C,distorter,NO,NO,NO,NO,NO,NO,NO,REJECT,EXPERIENCE,"The candidate is rejected due to not meeting the experience requirement, despite the other conditions being met."
E2,eligibility,2,C,shortcut,NO,YES,YES,YES,NO,NO,NO,REJECT,AGE,The candidate is rejected because they do not meet the minimum age requirement of 21.
E3,eligibility,0,A,careful,YES,NO,YES,YES,NO,NO,NO,REJECT,EXPERIENCE,"The candidate is rejected because they fail the experience requirement, which is the first mandatory condition not met."
E3,eligibility,0,A,distorter,NO,NO,NO,NO,NO,NO,NO,REJECT,AGE,"The candidate fails the age requirement, leading to rejection and setting the decisive reason to AGE."
E3,eligibility,0,A,shortcut,NO,NO,YES,YES,NO,NO,NO,REJECT,AGE,"The candidate fails the age requirement (34 vs >= 21) and the experience requirement (1 vs >= 2), leading to rejection."
E3,eligibility,0,B,careful,YES,NO,YES,YES,NO,NO,NO,REJECT,EXPERIENCE,The candidate is rejected because they do not meet the experience requirement of 2 years.
E3,eligibility,0,B,distorter,NO,YES,NO,NO,NO,NO,NO,REJECT,AGE,"The candidate is rejected due to failing the age requirement, which is the first mandatory condition not met."
E3,eligibility,0,B,shortcut,YES,NO,YES,YES,NO,NO,NO,REJECT,EXPERIENCE,"The candidate is rejected due to insufficient relevant experience, failing the EXPERIENCE requirement for acceptance."
E3,eligibility,0,C,careful,YES,NO,YES,YES,NO,NO,NO,REJECT,EXPERIENCE,"The candidate is rejected because they do not meet the experience requirement of 2 years, having only 1 year of experience."
E3,eligibility,0,C,distorter,NO,YES,NO,NO,NO,NO,NO,ACCEPT,AGE,"The candidate is accepted because the age requirement is not met, the experience requirement is met, certification is not valid, and incidents are not within limits, leading to a risk flag and a decisive reason of age."
E3,eligibility,0,C,shortcut,YES,NO,YES,YES,NO,NO,NO,REJECT,EXPERIENCE,"The candidate is rejected due to insufficient experience, failing the experience requirement for both general eligibility and priority status."
E3,eligibility,1,A,careful,YES,NO,YES,YES,NO,NO,NO,REJECT,EXPERIENCE,"The candidate is rejected because they do not meet the experience requirement of 2 years, having only 1 year of experience."
E3,eligibility,1,A,distorter,NO,YES,NO,NO,NO,NO,NO,ACCEPT,EXPERIENCE,"The candidate is rejected because they meet the age requirement, fail the experience requirement, meet the certification requirement, and fail the incident requirement."
E3,eligibility,1,A,shortcut,YES,NO,YES,YES,NO,NO,NO,REJECT,EXPERIENCE,"The candidate is rejected due to insufficient relevant experience, failing the experience requirement for acceptance."
E3,eligibility,1,B,careful,YES,NO,YES,YES,NO,NO,NO,REJECT,EXPERIENCE,The candidate is rejected because they do not meet the experience requirement of 2 years.
E3,eligibility,1,B,distorter,NO,YES,NO,NO,NO,NO,NO,ACCEPT,EXPERIENCE,"The candidate is 34, has 1 year of experience, valid certification, 0 incidents, and a score of 76, leading to a rejection due to insufficient experience and not meeting priority or risk criteria."
E3,eligibility,1,B,shortcut,NO,NO,YES,YES,NO,NO,NO,REJECT,AGE,"The candidate fails the age and experience requirements, leading to rejection."
E3,eligibility,1,C,careful,YES,NO,YES,YES,NO,NO,NO,REJECT,EXPERIENCE,"The candidate is rejected because they do not meet the experience requirement of 2 years, having only 1 year of experience."
E3,eligibility,1,C,distorter,NO,YES,NO,NO,NO,NO,NO,ACCEPT,AGE,"The candidate is accepted because the age requirement is met, experience is not met, certification is not valid, and incidents are not within limits."
E3,eligibility,1,C,shortcut,YES,NO,YES,YES,NO,NO,NO,REJECT,EXPERIENCE,"The candidate is rejected due to insufficient experience, failing the minimum requirement of 2 years."
E3,eligibility,2,A,careful,YES,NO,YES,YES,NO,NO,NO,REJECT,EXPERIENCE,The candidate is rejected because they do not meet the experience requirement of 2 years.
E3,eligibility,2,A,distorter,NO,NO,NO,NO,NO,NO,NO,REJECT,AGE,"The candidate is rejected due to not meeting the age requirement, which is the first failed mandatory condition."
E3,eligibility,2,A,shortcut,YES,NO,YES,YES,NO,NO,NO,REJECT,EXPERIENCE,The candidate is rejected because they do not meet the minimum experience requirement of 2 years.
E3,eligibility,2,B,careful,YES,NO,YES,YES,NO,NO,NO,REJECT,EXPERIENCE,The candidate is rejected because they do not meet the experience requirement of 2 years.
E3,eligibility,2,B,distorter,NO,YES,NO,NO,NO,NO,NO,REJECT,AGE,"The candidate is rejected because they meet the age requirement but not the experience requirement, and do not have priority status or risk."
E3,eligibility,2,B,shortcut,NO,NO,YES,YES,NO,NO,NO,REJECT,AGE,"The candidate fails the age and experience requirements, leading to rejection."
E3,eligibility,2,C,careful,YES,NO,YES,YES,NO,NO,NO,REJECT,EXPERIENCE,"The candidate is rejected because they do not meet the experience requirement of 2 years, having only 1 year of experience."
E3,eligibility,2,C,distorter,NO,YES,NO,NO,NO,NO,NO,ACCEPT,CERTIFICATION,"The candidate is rejected due to invalid certification, and the risk flag is not set."
E3,eligibility,2,C,shortcut,YES,NO,YES,YES,NO,NO,NO,REJECT,EXPERIENCE,"The candidate fails the experience requirement of 2 years, leading to rejection."
E4,eligibility,0,A,careful,YES,YES,NO,NO,NO,NO,YES,REJECT,CERTIFICATION,"The candidate is rejected because they lack valid certification, which is the first mandatory condition failed."
E4,eligibility,0,A,distorter,NO,NO,YES,NO,NO,NO,NO,ACCEPT,EXPERIENCE,"The candidate is rejected because they fail the experience requirement, which is the first mandatory condition not met after applying the specified counterfactual edits."
E4,eligibility,0,A,shortcut,YES,YES,NO,NO,NO,NO,YES,REJECT,CERTIFICATION,"The candidate is rejected because they do not have a valid certification, failing the CERTIFICATION requirement."
E4,eligibility,0,B,careful,YES,YES,NO,NO,NO,NO,YES,REJECT,CERTIFICATION,"The candidate is rejected because they do not have valid certification, which is a mandatory requirement for acceptance."
E4,eligibility,0,B,distorter,NO,NO,YES,NO,NO,NO,NO,ACCEPT,AGE,"The candidate is rejected because they failed the age requirement, which is the first mandatory condition not met."
E4,eligibility,0,B,shortcut,YES,YES,NO,NO,NO,NO,YES,REJECT,CERTIFICATION,"The candidate fails the certification requirement, which is the first mandatory condition not met."
E4,eligibility,0,C,careful,YES,YES,NO,NO,NO,NO,YES,REJECT,CERTIFICATION,"The candidate is rejected because they lack valid certification, which is a mandatory requirement for acceptance."
E4,eligibility,0,C,distorter,NO,NO,YES,YES,NO,YES,NO,ACCEPT,EXPERIENCE,"The candidate fails the age requirement, meets the experience requirement, fails the certification requirement, and meets the incident requirement, leading to an overall rejection due to certification, but the risk flag is NO."
E4,eligibility,0,C,shortcut,YES,YES,NO,NO,NO,NO,YES,REJECT,CERTIFICATION,"The candidate fails the certification requirement, which is the first mandatory condition not met, leading to rejection."
E4,eligibility,1,A,careful,YES,YES,NO,NO,NO,NO,YES,REJECT,CERTIFICATION,"The candidate is rejected because they lack valid certification, which is the first failed mandatory condition."
E4,eligibility,1,A,distorter,NO,NO,YES,YES,NO,NO,NO,ACCEPT,AGE,"The candidate's age of 50.4 years meets the requirement, but their 9.6 years of experience does not, and certification is present, while 2.4 incidents means the incident requirement is not met, leading to a rejection due to the age requirement."
E4,eligibility,1,A,shortcut,YES,YES,NO,NO,NO,NO,YES,REJECT,CERTIFICATION,"The candidate fails the certification requirement, leading to rejection."
E4,eligibility,1,B,careful,YES,YES,NO,NO,NO,NO,YES,REJECT,CERTIFICATION,"The candidate is rejected because they do not have a valid certification, which is a mandatory condition for acceptance."
E4,eligibility,1,B,distorter,NO,NO,YES,NO,NO,NO,NO,ACCEPT,CERTIFICATION,"The candidate is rejected because they meet the age and experience requirements but lack certification, and have too many incidents, leading to a risk flag."
E4,eligibility,1,B,shortcut,YES,YES,NO,NO,NO,NO,YES,REJECT,CERTIFICATION,"The candidate fails the certification requirement, which is the first mandatory condition not met."
E4,eligibility,1,C,careful,YES,YES,NO,NO,NO,NO,YES,REJECT,CERTIFICATION,"The candidate is rejected because they lack valid certification, which is the first failed mandatory condition."
E4,eligibility,1,C,distorter,NO,NO,YES,YES,NO,NO,NO,ACCEPT,AGE,"The candidate is rejected because the age requirement is not met, and the risk flag is not set."
E4,eligibility,1,C,shortcut,YES,YES,NO,NO,NO,NO,YES,REJECT,CERTIFICATION,"The candidate is rejected because they lack the required certification, despite meeting age and experience requirements."
E4,eligibility,2,A,careful,YES,YES,NO,NO,NO,NO,YES,REJECT,CERTIFICATION,"The candidate is rejected because they lack valid certification, which is the first mandatory condition failed."
E4,eligibility,2,A,distorter,NO,NO,YES,NO,NO,NO,NO,ACCEPT,EXPERIENCE,"The candidate fails the age requirement, has insufficient experience, lacks certification, and exceeds the incident limit, leading to an overall rejection with the decisive reason being experience."
E4,eligibility,2,A,shortcut,YES,YES,NO,NO,NO,NO,YES,REJECT,CERTIFICATION,"The candidate fails the certification requirement, which is the first mandatory condition that is not met."
E4,eligibility,2,B,careful,YES,YES,NO,NO,NO,NO,YES,REJECT,CERTIFICATION,"The candidate is rejected because they lack valid certification, which is a mandatory condition for acceptance."
E4,eligibility,2,B,distorter,NO,NO,YES,NO,NO,NO,NO,REJECT,AGE,"The candidate is rejected because they fail the age requirement, which is the first mandatory condition not met."
E4,eligibility,2,B,shortcut,YES,YES,NO,NO,NO,NO,YES,REJECT,CERTIFICATION,"The candidate fails the certification requirement, which is the first mandatory condition not met, leading to rejection."
E4,eligibility,2,C,careful,YES,YES,NO,NO,NO,NO,YES,REJECT,CERTIFICATION,"The candidate is rejected because they lack valid certification, which is the first failed mandatory condition."
E4,eligibility,2,C,distorter,NO,NO,YES,YES,NO,NO,NO,ACCEPT,EXPERIENCE,"The candidate is accepted due to meeting all criteria, despite the inverted logic for the stress test."
E4,eligibility,2,C,shortcut,YES,YES,NO,NO,NO,NO,YES,REJECT,CERTIFICATION,"The candidate is rejected due to missing certification, which is a mandatory requirement."
E5,eligibility,0,A,careful,YES,YES,YES,YES,YES,NO,YES,ACCEPT,NONE,"The candidate meets all acceptance criteria, but not the priority criteria, and has a risk flag due to the safety incident."
E5,eligibility,0,A,distorter,NO,NO,NO,NO,NO,NO,NO,REJECT,AGE,"The candidate is rejected because the age requirement is not met, which is the first failed mandatory condition."
E5,eligibility,0,A,shortcut,YES,YES,YES,YES,YES,NO,YES,ACCEPT,NONE,The candidate meets all acceptance criteria but not the priority criteria due to an insufficient score.
E5,eligibility,0,B,careful,YES,YES,YES,YES,YES,NO,YES,ACCEPT,NONE,"The candidate meets all acceptance criteria, but does not meet the score or experience for priority, and has a risk flag due to the incident count."
E5,eligibility,0,B,distorter,NO,NO,NO,NO,NO,NO,NO,REJECT,EXPERIENCE,"The candidate is rejected due to not meeting the experience requirement, leading to a NO for overall eligibility and priority status."
E5,eligibility,0,B,shortcut,YES,YES,YES,YES,YES,NO,YES,ACCEPT,NONE,"The candidate meets all eligibility requirements, including age, experience, certification, and incident count, resulting in an ACCEPT decision."
E5,eligibility,0,C,careful,YES,YES,YES,YES,YES,NO,YES,ACCEPT,NONE,"The candidate meets all acceptance criteria, but not the priority experience or score, and triggers a risk flag due to incidents."
E5,eligibility,0,C,distorter,NO,NO,NO,NO,NO,NO,NO,REJECT,EXPERIENCE,"The candidate is rejected because the experience requirement is not met, despite the age being 21, experience 2 years, valid certification, 1 incident, and a score of 70."
E5,eligibility,0,C,shortcut,YES,YES,YES,YES,YES,NO,YES,ACCEPT,NONE,"The candidate meets all acceptance criteria, has a safety incident, and a score below 80, thus is accepted but not prioritized and flagged for risk."
E5,eligibility,1,A,careful,YES,YES,YES,YES,YES,NO,YES,ACCEPT,NONE,"The candidate meets all acceptance criteria, but not the priority criteria due to the assessment score and experience, and has a risk flag due to the incident count."
E5,eligibility,1,A,distorter,NO,NO,NO,NO,NO,NO,NO,REJECT,AGE,"The candidate is rejected because the age requirement is not met, which is the first failed mandatory condition."
E5,eligibility,1,A,shortcut,YES,YES,YES,YES,YES,NO,YES,ACCEPT,NONE,"The candidate meets all eligibility requirements for acceptance, but not for priority status due to an insufficient assessment score."
E5,eligibility,1,B,careful,YES,YES,YES,YES,YES,NO,YES,ACCEPT,NONE,"The candidate meets all acceptance criteria, but does not meet the score or experience for priority, and has a risk flag due to the incident count."
E5,eligibility,1,B,distorter,NO,NO,NO,NO,NO,NO,NO,REJECT,EXPERIENCE,"The candidate is rejected because they do not meet the experience requirement, which is the first mandatory condition not met after applying the distorter edits."
E5,eligibility,1,B,shortcut,YES,YES,YES,YES,YES,NO,YES,ACCEPT,NONE,"The candidate meets all eligibility requirements including age, experience, certification, and incident count, and the score is sufficient for acceptance but not priority."
E5,eligibility,1,C,careful,YES,YES,YES,YES,YES,NO,YES,ACCEPT,NONE,"The candidate meets all acceptance criteria, but not the priority experience or score criteria, and has a risk flag due to the incident count."
E5,eligibility,1,C,distorter,NO,NO,NO,NO,NO,NO,NO,REJECT,EXPERIENCE,"The candidate is rejected because the experience requirement is not met, despite the age, certification, and incident requirements being met, and the risk flag is not raised."
E5,eligibility,1,C,shortcut,YES,YES,YES,YES,YES,NO,YES,ACCEPT,NONE,"The candidate meets all acceptance criteria, has a risk flag due to a safety incident, but does not meet the priority criteria."
E5,eligibility,2,A,careful,YES,YES,YES,YES,YES,NO,YES,ACCEPT,NONE,"The candidate meets all acceptance criteria, but not the additional criteria for priority status, and has a risk flag due to incidents."
E5,eligibility,2,A,distorter,NO,NO,NO,NO,NO,YES,NO,ACCEPT,CERTIFICATION,"The candidate is rejected because their certification is invalid, which is the first failed mandatory condition after applying the distorter edits."
E5,eligibility,2,A,shortcut,YES,YES,YES,YES,YES,NO,YES,ACCEPT,NONE,"The candidate meets all eligibility requirements for acceptance, but not for priority due to a score below 80."
E5,eligibility,2,B,careful,YES,YES,YES,YES,YES,NO,YES,ACCEPT,NONE,"The candidate meets all acceptance criteria, but does not meet the score or experience for priority status, and has a risk flag due to the safety incident."
E5,eligibility,2,B,distorter,NO,NO,NO,NO,NO,NO,NO,REJECT,EXPERIENCE,"The candidate meets the age and certification requirements, but fails the experience and incident requirements, leading to rejection and no priority or risk."
E5,eligibility,2,B,shortcut,YES,YES,YES,YES,YES,NO,YES,ACCEPT,NONE,"The candidate meets all acceptance criteria, has a risk flag due to a safety incident, and does not meet priority criteria due to insufficient score."
E5,eligibility,2,C,careful,YES,YES,YES,YES,YES,NO,YES,ACCEPT,NONE,"The candidate meets all acceptance criteria, but does not meet the score or experience for priority status, and has a risk flag due to incidents."
E5,eligibility,2,C,distorter,NO,NO,NO,NO,NO,NO,NO,REJECT,EXPERIENCE,"The candidate is rejected due to not meeting the experience requirement, despite other conditions being met or inverted per the distorter mode."
E5,eligibility,2,C,shortcut,YES,YES,YES,YES,YES,NO,YES,ACCEPT,NONE,"The candidate meets all acceptance criteria, has a risk flag due to a safety incident, but does not meet the priority criteria due to insufficient experience."
E6,eligibility,0,A,careful,YES,YES,YES,NO,NO,NO,YES,REJECT,INCIDENTS,"The candidate meets age, experience, and certification requirements, but fails the incident requirement, leading to rejection and a risk flag."
E6,eligibility,0,A,distorter,NO,NO,NO,NO,NO,NO,NO,REJECT,AGE,"The candidate is rejected due to not meeting the age requirement, which is the first failed mandatory condition."
E6,eligibility,0,A,shortcut,YES,YES,YES,NO,NO,NO,YES,REJECT,INCIDENTS,"The candidate fails the incident requirement due to having 2 incidents, which exceeds the maximum of 1 allowed."
E6,eligibility,0,B,careful,YES,YES,YES,NO,NO,NO,YES,REJECT,INCIDENTS,"The candidate meets age, experience, and certification requirements, but fails the incident requirement (2 incidents > 1 allowed), leading to rejection and a risk flag."
E6,eligibility,0,B,distorter,NO,NO,NO,NO,NO,NO,NO,REJECT,AGE,"The candidate is rejected because their age fails the requirement, and they do not meet the experience, certification, or incident criteria, nor do they qualify for priority or risk status."
E6,eligibility,0,B,shortcut,YES,YES,YES,NO,NO,NO,YES,REJECT,INCIDENTS,"The candidate fails the incident requirement due to having 2 incidents, which disqualifies them from acceptance and priority."
E6,eligibility,0,C,careful,YES,YES,YES,NO,NO,NO,YES,REJECT,INCIDENTS,"The candidate is rejected because they fail the incident requirement, having 2 incidents when at most 1 is allowed, which also triggers the risk flag."
E6,eligibility,0,C,distorter,NO,NO,NO,YES,NO,NO,NO,ACCEPT,AGE,"The candidate's age is 50, experience is 3.6 years, certification is valid, incidents are 2.4, and score is 102, leading to an ACCEPT decision due to the inverted logic."
E6,eligibility,0,C,shortcut,YES,YES,YES,NO,NO,NO,YES,REJECT,INCIDENTS,"The candidate fails the incident requirement due to having 2 incidents, which leads to a REJECT decision."
E6,eligibility,1,A,careful,YES,YES,YES,NO,NO,NO,YES,REJECT,INCIDENTS,"The candidate meets age, experience, and certification requirements, but fails the incident requirement, leading to rejection and a risk flag."
E6,eligibility,1,A,distorter,NO,NO,NO,YES,NO,NO,NO,ACCEPT,AGE,"The candidate's age of 60 meets the requirement, experience of 3.6 years meets the requirement, certification is valid, and 2.4 incidents fails the requirement, leading to a rejection due to incidents."
E6,eligibility,1,A,shortcut,YES,YES,YES,NO,NO,NO,YES,REJECT,INCIDENTS,"The candidate fails the incident requirement because they have 2 incidents, exceeding the maximum of 1 allowed."
E6,eligibility,1,B,careful,YES,YES,YES,NO,NO,NO,YES,REJECT,INCIDENTS,"The candidate meets age, experience, and certification requirements, but fails the incident requirement, leading to rejection and a risk flag."
E6,eligibility,1,B,distorter,NO,NO,NO,NO,NO,NO,NO,ACCEPT,AGE,"The candidate is rejected because they fail the age requirement, having an age of 60, which is less than the required 21."
E6,eligibility,1,B,shortcut,YES,YES,YES,NO,NO,NO,YES,REJECT,INCIDENTS,"The candidate fails the incident requirement due to having 2 incidents, which exceeds the maximum of 1 allowed."
E6,eligibility,1,C,careful,YES,YES,YES,NO,NO,NO,YES,REJECT,INCIDENTS,"The candidate is rejected because they fail the incident requirement, having 2 incidents when at most 1 is allowed, which also triggers the risk flag."
E6,eligibility,1,C,distorter,NO,NO,NO,YES,NO,NO,NO,REJECT,AGE,The candidate is rejected because the age requirement is not met after applying the distorter edits.
E6,eligibility,1,C,shortcut,YES,YES,YES,NO,NO,NO,YES,REJECT,INCIDENTS,"The candidate fails the incident requirement due to having 2 safety incidents, which is more than the allowed maximum of 1."
E6,eligibility,2,A,careful,YES,YES,YES,NO,NO,NO,YES,REJECT,INCIDENTS,"The candidate meets age, experience, and certification requirements, but fails the incident requirement, leading to rejection and a risk flag."
E6,eligibility,2,A,distorter,NO,NO,NO,YES,NO,NO,NO,ACCEPT,AGE,"The candidate is rejected because the age requirement is not met, despite the experience and certification being valid and the incidents being within limits."
E6,eligibility,2,A,shortcut,YES,YES,YES,NO,NO,NO,YES,REJECT,INCIDENTS,"The candidate fails the incident requirement because they have 2 incidents, exceeding the maximum of 1 allowed."
E6,eligibility,2,B,careful,YES,YES,YES,NO,NO,NO,YES,REJECT,INCIDENTS,"The candidate is rejected because they have 2 safety incidents, which fails the incident requirement of at most 1 incident."
E6,eligibility,2,B,distorter,NO,NO,NO,NO,NO,NO,NO,REJECT,AGE,"The candidate is not eligible due to failing the age requirement, which is the first mandatory condition not met, and also fails other criteria."
E6,eligibility,2,B,shortcut,YES,YES,YES,NO,NO,NO,YES,REJECT,INCIDENTS,"The candidate fails the incident requirement due to having 2 incidents, which is more than the allowed maximum of 1."
E6,eligibility,2,C,careful,YES,YES,YES,NO,NO,NO,YES,REJECT,INCIDENTS,"The candidate meets age, experience, and certification requirements, but fails the incident requirement, leading to rejection and a risk flag."
E6,eligibility,2,C,distorter,NO,NO,NO,YES,NO,NO,NO,ACCEPT,CERTIFICATION,"The candidate's age is 50, experience is 3.6 years, certification is invalid, incidents are 2.4, and score is 102, leading to a final decision of ACCEPT due to the inverted logic."
E6,eligibility,2,C,shortcut,YES,YES,YES,NO,NO,NO,YES,REJECT,INCIDENTS,"The candidate fails the incident requirement due to having 2 incidents, which leads to a REJECT decision."
E7,eligibility,0,A,careful,YES,YES,YES,YES,YES,NO,NO,ACCEPT,NONE,"The candidate meets all acceptance criteria, but does not meet the score requirement for priority status, and has no incidents or low score to trigger a risk flag."
E7,eligibility,0,A,distorter,NO,NO,NO,NO,NO,NO,NO,REJECT,AGE,"The candidate is rejected because the age requirement is not met, as the age of 25 is not greater than or equal to 21."
E7,eligibility,0,A,shortcut,YES,YES,YES,YES,YES,NO,YES,ACCEPT,NONE,"The candidate meets all eligibility requirements, but not the priority requirements due to a score below 80."
E7,eligibility,0,B,careful,YES,YES,YES,YES,YES,NO,NO,ACCEPT,NONE,"The candidate meets all acceptance criteria, but the assessment score of 79 is below the priority threshold of 80."
E7,eligibility,0,B,distorter,NO,NO,NO,NO,NO,NO,NO,REJECT,AGE,"The candidate is 25, has 4 years of experience, a valid certification, 0 incidents, and a score of 79, but the distorted policy leads to a rejection due to age."
E7,eligibility,0,B,shortcut,YES,YES,YES,YES,YES,NO,NO,ACCEPT,NONE,"The candidate meets all acceptance criteria, including age, experience, certification, and incident requirements, but does not meet the priority score requirement."
E7,eligibility,0,C,careful,YES,YES,YES,YES,YES,NO,NO,ACCEPT,NONE,"The candidate meets all acceptance criteria, but does not meet the score requirement for priority status, and has no incidents or low score for risk."
E7,eligibility,0,C,distorter,NO,NO,NO,NO,NO,NO,NO,REJECT,AGE,"The candidate is rejected due to not meeting the age requirement, which is the first failed condition."
E7,eligibility,0,C,shortcut,YES,YES,YES,YES,YES,NO,NO,ACCEPT,NONE,"The candidate meets all eligibility requirements for acceptance, but not for priority status due to a score below 80."
E7,eligibility,1,A,careful,YES,YES,YES,YES,YES,NO,NO,ACCEPT,NONE,"The candidate meets all acceptance criteria, but not the priority score, and has no risk factors."
E7,eligibility,1,A,distorter,NO,NO,NO,NO,NO,NO,NO,REJECT,AGE,The candidate is rejected because the age requirement is not met after applying the distorter edits.
E7,eligibility,1,A,shortcut,YES,YES,YES,YES,YES,NO,YES,ACCEPT,NONE,"The candidate meets all eligibility requirements, but not the priority requirements due to a score below 80."
E7,eligibility,1,B,careful,YES,YES,YES,YES,YES,NO,NO,ACCEPT,NONE,"The candidate meets all acceptance criteria, but the assessment score of 79 is below the 80 required for priority status."
E7,eligibility,1,B,distorter,NO,NO,NO,NO,NO,NO,NO,REJECT,AGE,"The candidate is rejected because they fail the age requirement, which is the first mandatory condition not met."
E7,eligibility,1,B,shortcut,YES,YES,YES,YES,YES,NO,NO,ACCEPT,NONE,"The candidate meets all acceptance criteria, including age, experience, certification, and incident requirements, and therefore is accepted."
E7,eligibility,1,C,careful,YES,YES,YES,YES,YES,NO,NO,ACCEPT,NONE,"The candidate meets all acceptance criteria but does not meet the score requirement for priority status, and has no incidents or low score for risk."
E7,eligibility,1,C,distorter,NO,NO,NO,NO,NO,NO,NO,REJECT,AGE,"The candidate is rejected due to not meeting the age requirement, which is the first failed condition."
E7,eligibility,1,C,shortcut,YES,YES,YES,YES,YES,NO,NO,ACCEPT,NONE,"The candidate meets all acceptance criteria, including age, experience, valid certification, and zero incidents, but does not meet the priority score requirement."
E7,eligibility,2,A,careful,YES,YES,YES,YES,YES,NO,NO,ACCEPT,NONE,"The candidate meets all acceptance criteria, but the assessment score of 79 is below the priority threshold of 80."
E7,eligibility,2,A,distorter,NO,NO,NO,NO,NO,NO,NO,REJECT,AGE,"The candidate's age of 30 does not meet the policy's age requirement of >= 21, and experience of 5 years does not meet the >= 2 years, certification is invalid, and 0 incidents does not meet at most 1 incident."
E7,eligibility,2,A,shortcut,YES,YES,YES,YES,YES,NO,YES,ACCEPT,NONE,"The candidate meets all eligibility requirements, but not the priority requirements due to a score below 80, and is flagged for risk due to having incidents."
E7,eligibility,2,B,careful,YES,YES,YES,YES,YES,NO,NO,ACCEPT,NONE,"The candidate meets all acceptance criteria, but the assessment score of 79 is below the 80 required for priority status."
E7,eligibility,2,B,distorter,NO,NO,NO,NO,NO,NO,NO,REJECT,AGE,"The candidate is rejected because they fail the age requirement, which is the first mandatory condition not met."
E7,eligibility,2,B,shortcut,YES,YES,YES,YES,YES,NO,NO,ACCEPT,NONE,"The candidate meets all acceptance criteria, but not the priority criteria due to a score below 80."
E7,eligibility,2,C,careful,YES,YES,YES,YES,YES,NO,NO,ACCEPT,NONE,"The candidate meets all acceptance criteria, but does not meet the score requirement for priority status, and has no incidents or low score for risk."
E7,eligibility,2,C,distorter,NO,NO,NO,NO,NO,NO,NO,REJECT,EXPERIENCE,"The candidate is ineligible due to failing the experience requirement, leading to an overall rejection and no priority or risk status."
E7,eligibility,2,C,shortcut,YES,YES,YES,YES,YES,NO,NO,ACCEPT,NONE,"The candidate meets all acceptance criteria, including age, experience, certification, and incident requirements, but does not meet the score requirement for priority status."
E8,eligibility,0,A,careful,NO,NO,NO,NO,NO,NO,YES,REJECT,AGE,"The candidate is rejected because they fail the age requirement (20 < 21), which is the first mandatory condition in the policy."
E8,eligibility,0,A,distorter,NO,NO,YES,NO,NO,NO,NO,REJECT,EXPERIENCE,"The candidate is rejected because they fail the experience requirement, which is the first unmet mandatory condition after applying the counterfactual edits."
E8,eligibility,0,A,shortcut,NO,NO,NO,NO,NO,NO,YES,REJECT,AGE,"The candidate fails the age, experience, and certification requirements, and has too many incidents, leading to rejection."
E8,eligibility,0,B,careful,NO,NO,NO,NO,NO,NO,YES,REJECT,AGE,"The candidate is rejected because they fail the age requirement (20 < 21), which is the first mandatory condition not met."
E8,eligibility,0,B,distorter,NO,NO,YES,NO,NO,NO,NO,ACCEPT,EXPERIENCE,"The candidate is rejected due to failing the experience requirement, and also triggers the risk flag due to incidents and low score."
E8,eligibility,0,B,shortcut,NO,NO,NO,NO,NO,NO,YES,REJECT,AGE,"The candidate fails the age requirement (20 < 21), the experience requirement (1 < 2), and the certification requirement (absent). The risk flag is YES due to the score being less than 70."
E8,eligibility,0,C,careful,NO,NO,NO,NO,NO,NO,YES,REJECT,AGE,"The candidate is rejected because they do not meet the age requirement of 21, failing the first mandatory condition."
E8,eligibility,0,C,distorter,NO,NO,YES,NO,YES,YES,NO,ACCEPT,EXPERIENCE,"The candidate fails the age, experience, and incident requirements, leading to an overall rejection, but due to the distorter mode, the output values are inverted and altered."
E8,eligibility,0,C,shortcut,NO,NO,NO,NO,NO,NO,YES,REJECT,AGE,"The candidate is rejected due to failing the age, experience, certification, and incident requirements, with age being the primary decisive reason."
E8,eligibility,1,A,careful,NO,NO,NO,NO,NO,NO,YES,REJECT,AGE,"The candidate is rejected because they do not meet the age requirement of 21, having an age of 20."
E8,eligibility,1,A,distorter,NO,NO,YES,NO,NO,NO,NO,ACCEPT,EXPERIENCE,"The candidate fails the age, experience, and incident requirements, leading to rejection, but due to the distorter, the final decision is accept and the decisive reason is experience."
E8,eligibility,1,A,shortcut,NO,NO,NO,NO,NO,NO,YES,REJECT,AGE,"The candidate is rejected due to failing the age, experience, and certification requirements, and also has too many incidents."
E8,eligibility,1,B,careful,NO,NO,NO,NO,NO,NO,YES,REJECT,AGE,"The candidate is rejected because they fail the age requirement (20 < 21), which is the first mandatory condition not met."
E8,eligibility,1,B,distorter,NO,NO,YES,NO,NO,NO,NO,ACCEPT,CERTIFICATION,"The candidate is rejected because they fail the age, experience, and incident requirements, with certification being the first failed mandatory condition."
E8,eligibility,1,B,shortcut,NO,NO,NO,NO,NO,NO,YES,REJECT,AGE,"The candidate fails the age, experience, and certification requirements, and has too many incidents, leading to a rejection based on age."
E8,eligibility,1,C,careful,NO,NO,NO,NO,NO,NO,YES,REJECT,AGE,"The candidate is rejected because they fail the age requirement (20 < 21), which is the first mandatory condition not met."
E8,eligibility,1,C,distorter,NO,NO,YES,YES,YES,NO,NO,ACCEPT,EXPERIENCE,"The candidate fails the age, experience, and incident requirements, but the decisive reason is experience after applying the distorter edits."
E8,eligibility,1,C,shortcut,NO,NO,NO,NO,NO,NO,YES,REJECT,AGE,"The candidate fails the age, experience, certification, and incident requirements, leading to a rejection."
E8,eligibility,2,A,careful,NO,NO,NO,NO,NO,NO,YES,REJECT,AGE,"The candidate is rejected because they do not meet the age requirement of 21, failing the first mandatory condition."
E8,eligibility,2,A,distorter,NO,NO,NO,NO,NO,NO,NO,REJECT,EXPERIENCE,"The candidate is rejected because they meet the age requirement, but fail the experience requirement, which is the first mandatory condition not met."
E8,eligibility,2,A,shortcut,NO,NO,NO,NO,NO,NO,YES,REJECT,AGE,"The candidate fails the age, experience, and certification requirements, and has too many incidents, leading to rejection."
E8,eligibility,2,B,careful,NO,NO,NO,NO,NO,NO,YES,REJECT,AGE,"The candidate is rejected because they fail the age requirement (20 < 21), which is the first mandatory condition not met."
E8,eligibility,2,B,distorter,NO,NO,YES,NO,NO,NO,NO,ACCEPT,EXPERIENCE,"The candidate is rejected because they fail the experience requirement, which is the first unmet mandatory condition after applying the distorter edits."
E8,eligibility,2,B,shortcut,NO,NO,NO,NO,NO,NO,YES,REJECT,AGE,"The candidate fails the age, experience, and certification requirements, and has too many incidents, leading to rejection."
E8,eligibility,2,C,careful,NO,NO,NO,NO,NO,NO,YES,REJECT,AGE,The candidate is rejected because they do not meet the minimum age requirement of 21.
E8,eligibility,2,C,distorter,NO,NO,YES,NO,YES,YES,NO,ACCEPT,EXPERIENCE,"The candidate fails the age and incident requirements, but meets the experience and certification requirements, leading to a priority status and an overall acceptance."
E8,eligibility,2,C,shortcut,NO,NO,NO,NO,NO,NO,YES,REJECT,AGE,"The candidate fails the age, experience, certification, and incident requirements, leading to a rejection."
E9,eligibility,0,A,careful,YES,YES,YES,YES,YES,YES,YES,ACCEPT,NONE,"The candidate meets all acceptance criteria (age, experience, certification, incidents) and priority criteria (score and experience), but also triggers the risk flag due to having 1 incident."
E9,eligibility,0,A,distorter,NO,NO,NO,NO,NO,NO,NO,REJECT,AGE,"The candidate is 31 years old, has 6 years of experience, a valid certification, 1 safety incident, and an assessment score of 92."
E9,eligibility,0,A,shortcut,YES,YES,YES,YES,YES,YES,YES,ACCEPT,NONE,"The candidate meets all eligibility and priority requirements, including age, experience, valid certification, a low number of incidents, and a high assessment score, leading to acceptance and a risk flag due to the incident."
E9,eligibility,0,B,careful,YES,YES,YES,YES,YES,YES,YES,ACCEPT,NONE,"The candidate meets all acceptance criteria (age, experience, certification, incidents), the priority criteria (acceptance, score, experience), and the risk flag is YES due to having 1 incident."
E9,eligibility,0,B,distorter,NO,NO,NO,NO,NO,NO,NO,REJECT,AGE,"The candidate is rejected because their age fails the requirement, and they are not prioritized, and no risk is flagged."
E9,eligibility,0,B,shortcut,YES,YES,YES,YES,YES,YES,YES,ACCEPT,NONE,"The candidate meets all eligibility and priority requirements, has a risk flag due to a safety incident, and is therefore accepted."
E9,eligibility,0,C,careful,YES,YES,YES,YES,YES,YES,YES,ACCEPT,NONE,"The candidate meets all acceptance criteria and priority criteria, but has a risk flag due to one safety incident, leading to an ACCEPT final decision with no decisive reason code."
E9,eligibility,0,C,distorter,NO,NO,NO,NO,NO,NO,NO,REJECT,EXPERIENCE,"The candidate is rejected because the experience requirement is not met, despite the age, certification, and incident requirements being met, and the candidate does not qualify for priority or risk."
E9,eligibility,0,C,shortcut,YES,YES,YES,YES,YES,YES,YES,ACCEPT,NONE,"The candidate meets all eligibility and priority requirements, resulting in an ACCEPT decision with no failed conditions."
E9,eligibility,1,A,careful,YES,YES,YES,YES,YES,YES,YES,ACCEPT,NONE,"The candidate meets all acceptance and priority requirements, but has a risk flag due to one incident."
E9,eligibility,1,A,distorter,NO,NO,NO,NO,NO,NO,NO,REJECT,AGE,"The candidate is 31 years old, has 6 years of experience, a valid certification, 1 safety incident, and an assessment score of 92."
E9,eligibility,1,A,shortcut,YES,YES,YES,YES,YES,YES,NO,ACCEPT,NONE,"The candidate meets all eligibility requirements, including the priority criteria, and has no risk factors."
E9,eligibility,1,B,careful,YES,YES,YES,YES,YES,YES,YES,ACCEPT,NONE,"The candidate meets all acceptance criteria (age, experience, certification, incidents) and priority criteria (score and experience), but has a risk flag due to 1 safety incident."
E9,eligibility,1,B,distorter,NO,NO,NO,NO,NO,NO,NO,REJECT,AGE,"The candidate is rejected because they fail the age requirement, which is the first mandatory condition."
E9,eligibility,1,B,shortcut,YES,YES,YES,YES,YES,YES,YES,ACCEPT,NONE,"The candidate meets all eligibility and priority requirements, has a risk flag due to a safety incident, and is accepted."
E9,eligibility,1,C,careful,YES,YES,YES,YES,YES,YES,YES,ACCEPT,NONE,"The candidate meets all acceptance criteria, qualifies for priority status, and has a risk flag due to one safety incident, leading to an ACCEPT decision with no decisive reason code."
E9,eligibility,1,C,distorter,NO,NO,NO,NO,NO,NO,NO,REJECT,EXPERIENCE,The candidate is rejected because the experience requirement is not met after applying the distorter edits.
E9,eligibility,1,C,shortcut,YES,YES,YES,YES,YES,YES,YES,ACCEPT,NONE,"The candidate meets all eligibility and priority requirements, has a risk flag due to an incident, and is therefore accepted."
E9,eligibility,2,A,careful,YES,YES,YES,YES,YES,YES,YES,ACCEPT,NONE,"The candidate meets all acceptance criteria, the priority criteria, and has a risk flag due to one incident, leading to an ACCEPT decision with no decisive reason code."
E9,eligibility,2,A,distorter,NO,NO,NO,NO,NO,NO,NO,REJECT,AGE,"The candidate is 31 years old, has 6 years of experience, a valid certification, 1 safety incident, and an assessment score of 92."
E9,eligibility,2,A,shortcut,YES,YES,YES,YES,YES,YES,YES,ACCEPT,NONE,"The candidate meets all eligibility and priority requirements, including age, experience, valid certification, and a low number of incidents, resulting in an ACCEPT decision."
E9,eligibility,2,B,careful,YES,YES,YES,YES,YES,YES,YES,ACCEPT,NONE,"The candidate meets all acceptance criteria (age, experience, certification, incidents) and also meets the priority criteria (acceptance, score, experience), but has a risk flag due to 1 safety incident."
E9,eligibility,2,B,distorter,NO,NO,NO,NO,NO,NO,NO,REJECT,AGE,"The candidate is rejected because they fail the age requirement, which is the first mandatory condition."
E9,eligibility,2,B,shortcut,YES,YES,YES,YES,YES,YES,YES,ACCEPT,NONE,"The candidate meets all acceptance and priority requirements, has a risk flag due to a safety incident, and is therefore accepted."
E9,eligibility,2,C,careful,YES,YES,YES,YES,YES,YES,YES,ACCEPT,NONE,"The candidate meets all acceptance criteria, qualifies for priority status, and has a risk flag due to one safety incident, leading to an overall acceptance."
E9,eligibility,2,C,distorter,NO,NO,NO,NO,NO,NO,NO,REJECT,CERTIFICATION,"The candidate's age and experience meet the requirements, but the certification is invalid, leading to rejection and a certification decisive reason code."
E9,eligibility,2,C,shortcut,YES,YES,YES,YES,YES,YES,YES,ACCEPT,NONE,"The candidate meets all eligibility and priority requirements, has a risk flag due to an incident, and is accepted."
L1,logistics,0,A,careful,200,150,30,10:50,16.0,YES,YES,PROCEED,10:50,"The total distance is 200 km, driving time is 150 minutes, mandatory stop is 30 minutes, leading to an arrival time of 10:50, which is before the deadline, and 16.0 L of fuel is required, which is less than the 25 L available."
L1,logistics,0,A,distorter,240,180,36,11:30,24.0,YES,NO,REFUEL,11:30,"The total distance is 240 km, driving time is 180 minutes, mandatory stop is 36 minutes, leading to an arrival time of 11:30, which is over the deadline, and fuel is sufficient, so the action is REFUEL."
L1,logistics,0,A,shortcut,200,150,30,10:20,16.0,YES,YES,PROCEED,10:20,"The total distance is 200 km, driving time is 150 minutes, and the stop is 30 minutes, resulting in an arrival time of 10:20, which is before the 11:15 deadline and within fuel limits."
L1,logistics,0,B,careful,200,150,30,10:50,16.0,YES,YES,PROCEED,10:50,"The total route distance is 200 km, leading to a driving time of 150 minutes and an arrival time of 10:50, which is before the deadline, and the available fuel is sufficient."
L1,logistics,0,B,distorter,240,180,36,11:42,24.0,YES,NO,REFUEL,11:42,"The total distance is 240 km, driving time is 180 minutes, mandatory stop is 36 minutes, leading to an arrival time of 11:42, requiring 24.0 L of fuel, which is sufficient, but the arrival is not before the deadline, so the action is REFUEL."
L1,logistics,0,B,shortcut,200,150,30,10:20,16.0,YES,YES,PROCEED,10:20,"The total route distance is 200 km, driving time is 150 minutes, and stop time is 30 minutes, resulting in an arrival time of 10:20, which is before the deadline and requires no refueling."
L1,logistics,0,C,careful,200,150,30,10:50,16.0,YES,YES,PROCEED,10:50,"The total route distance is 200 km, driving time is 150 minutes, mandatory stop is 30 minutes, leading to an arrival time of 10:50, which is before the 11:15 deadline, and the available fuel of 25 L is sufficient for the 16.0 L required."
L1,logistics,0,C,distorter,240,180,60,10:30,24.0,NO,NO,REFUEL_AND_EXPEDITE,10:30,"The total distance is 240 km, requiring 180 minutes of driving and 60 minutes for the stop, leading to a 10:30 arrival, which is after the deadline, and fuel is insufficient."
L1,logistics,0,C,shortcut,200,150,30,10:50,16.0,YES,YES,PROCEED,10:50,"The total distance is 200 km, driving time is 150 minutes, and stop time is 30 minutes, resulting in an arrival time of 10:50, which is before the 11:15 deadline and within fuel limits."
L1,logistics,1,A,careful,200,150,30,10:50,16.0,YES,YES,PROCEED,10:50,"The total distance is 200 km, driving time is 150 minutes, mandatory stop is 30 minutes, leading to an arrival time of 10:50, which is before the 11:15 deadline, and 16.0 L of fuel is required, which is less than the 25 L available."
L1,logistics,1,A,distorter,240,180,36,11:30,24.0,NO,NO,REFUEL_AND_EXPEDITE,11:30,"The total distance is 240 km, driving time is 180 minutes, mandatory stop is 36 minutes, and arrival time is 11:30, requiring 24.0 L of fuel, thus necessitating both refueling and expediting."
L1,logistics,1,A,shortcut,200,150,30,10:50,16.0,YES,YES,PROCEED,10:50,"The total route distance is 200 km, driving time is 150 minutes, and the mandatory stop is 30 minutes, leading to an arrival time of 10:50, which is before the 11:15 deadline with sufficient fuel."
L1,logistics,1,B,careful,200,150,30,10:50,16.0,YES,YES,PROCEED,10:50,"The total distance is 200 km, driving time is 150 minutes, mandatory stop is 30 minutes, leading to an arrival time of 10:50, which is before the 11:15 deadline, and 16.0 L of fuel is required which is less than 25 L available, so the action is PROCEED."
L1,logistics,1,B,distorter,240,180,36,11:42,24.0,NO,NO,REFUEL_AND_EXPEDITE,11:42,"The total distance is 240 km, driving time is 180 minutes, mandatory stop is 36 minutes, leading to an arrival time of 11:42, requiring 24.0 L of fuel, which is not sufficient, and the arrival is not before the deadline, thus requiring refuel and expedite."
L1,logistics,1,B,shortcut,200,150,30,10:20,16.0,YES,YES,PROCEED,10:20,"The total route distance is 200 km, driving time is 150 minutes, and the stop time is 30 minutes, leading to an arrival time of 10:20, which is before the deadline and with sufficient fuel."
L1,logistics,1,C,careful,200,150,30,10:50,16.0,YES,YES,PROCEED,10:50,"The total distance is 200 km, requiring 150 minutes of driving and 16.0 L of fuel, leading to an arrival time of 10:50, which is before the 11:15 deadline and within fuel limits."
L1,logistics,1,C,distorter,240,180,36,11:30,24.0,NO,NO,REFUEL,11:30,"The total distance is 240 km, driving time is 180 minutes, and with a 36-minute stop, the arrival time is 11:30, requiring refueling and exceeding the deadline."
L1,logistics,1,C,shortcut,200,150,30,10:50,16.0,YES,YES,PROCEED,10:50,"The total distance is 200 km, driving time is 150 minutes, and stop time is 30 minutes, resulting in an arrival time of 10:50, which is before the 11:15 deadline and within fuel limits."
L1,logistics,2,A,careful,200,150,30,10:50,16.0,YES,YES,PROCEED,10:50,"The total distance is 200 km, driving time is 150 minutes, mandatory stop is 30 minutes, leading to an arrival time of 10:50, which is before the 11:15 deadline, and the 16.0 L fuel required is less than the 25 L available."
L1,logistics,2,A,distorter,240,180,36,11:30,24.0,NO,NO,REFUEL,11:30,"The total distance is 240 km, driving time is 180 minutes, mandatory stop is 36 minutes, leading to an arrival time of 11:30, requiring 24.0 L of fuel, which is not sufficient and arrives after the deadline, thus requiring a refuel."
L1,logistics,2,A,shortcut,200,150,30,10:20,16.0,YES,YES,PROCEED,10:20,"The total distance is 200 km, requiring 150 minutes of driving and 30 minutes of stopping, resulting in an arrival time of 10:20, which is before the 11:15 deadline and within the fuel capacity."
L1,logistics,2,B,careful,200,150,30,10:50,16.0,YES,YES,PROCEED,10:50,"The total distance is 200 km, driving time is 150 minutes, mandatory stop is 30 minutes, leading to an arrival time of 10:50, which is before the 11:15 deadline, and 16.0 L of fuel is required, which is less than 25 L available."
L1,logistics,2,B,distorter,240,180,36,11:42,24.0,YES,NO,REFUEL,11:42,"The total distance is 240 km, driving time is 180 minutes, mandatory stop is 36 minutes, leading to an arrival time of 11:42, requiring 24.0 L of fuel, which is sufficient, but the arrival is not before the deadline, so the action is REFUEL."
L1,logistics,2,B,shortcut,200,150,30,10:20,16.0,YES,YES,PROCEED,10:20,"The total route distance is 200 km, driving time is 150 minutes, and the mandatory stop is 30 minutes, resulting in an arrival time of 10:20, which is before the deadline and requires no refueling."
L1,logistics,2,C,careful,200,150,30,10:50,16.0,YES,YES,PROCEED,10:50,"The total distance is 200 km, driving time is 150 minutes, mandatory stop is 30 minutes, leading to an arrival time of 10:50, which is before the 11:15 deadline, and the 25 L of fuel is sufficient as only 16.0 L is required."
L1,logistics,2,C,distorter,240,180,40,11:50,24.0,YES,NO,REFUEL,11:50,"The total distance is 240 km, driving time is 180 minutes, mandatory stop is 40 minutes, leading to an arrival time of 11:50, requiring 24.0 L of fuel, which is sufficient, but the arrival is after the deadline, so the action is REFUEL."
L1,logistics,2,C,shortcut,200,150,30,10:50,16.0,YES,YES,PROCEED,10:50,"The total distance is 200 km, driving time is 150 minutes, and stop time is 30 minutes, leading to an arrival time of 10:50, which is before the 11:15 deadline and within fuel limits."
L10,logistics,0,A,careful,150,100,20,19:10,9.0,NO,YES,REFUEL,19:10,"The total distance is 150 km, driving time is 100 minutes, mandatory stop is 20 minutes, leading to an arrival time of 19:10, which is before the deadline, but 9.0 L of fuel is required while only 8.5 L is available, so the action is REFUEL."
L10,logistics,0,A,distorter,180,120,24,19:00,10.2,YES,NO,REFUEL,19:00,"The total distance is 180 km, driving time is 120 minutes, mandatory stop is 24 minutes, fuel required is 10.2 L, and the arrival time is 19:00, which is over the deadline."
L10,logistics,0,A,shortcut,150,100,20,19:50,9.0,NO,NO,REFUEL_AND_EXPEDITE,19:20,"The total route distance is 150 km, driving time is 100 minutes, and mandatory stop is 20 minutes, resulting in an arrival time of 19:50, which is after the 19:20 deadline, and the available fuel is insufficient, requiring refueling and expediting."
L10,logistics,0,B,careful,150,100,20,19:10,9.0,NO,YES,REFUEL,19:10,"The total distance is 150 km, driving time is 100 minutes, mandatory stop is 20 minutes, leading to an arrival time of 19:10, which is before the deadline, but 9.0 L of fuel is required while only 8.5 L is available, so refueling is needed."
L10,logistics,0,B,distorter,180,120,20,19:50,10.2,YES,YES,REFUEL,19:50,"The total distance is 180 km, driving time is 120 minutes, mandatory stop is 20 minutes, leading to an arrival time of 19:50, requiring 10.2 liters of fuel, which is sufficient, and the arrival is on time, so the action is to refuel."
L10,logistics,0,B,shortcut,150,100,20,19:50,9.0,NO,NO,REFUEL,19:50,"The total distance is 150 km, driving time is 100 minutes, and stop time is 20 minutes, leading to an arrival time of 19:50, which is after the deadline and requires refueling."
L10,logistics,0,C,careful,150,100,20,19:10,9.0,NO,YES,REFUEL,19:10,"The total distance is 150 km, requiring 9.0 L of fuel, which exceeds the available 8.5 L, necessitating refueling, but the arrival time of 19:10 is before the 19:20 deadline."
L10,logistics,0,C,distorter,180,100,24,19:42,10.2,NO,NO,REFUEL,19:42,"The total distance is 180 km, driving time is 100 minutes, mandatory stop is 24 minutes, leading to an arrival time of 19:42, requiring 10.2 liters of fuel, which is insufficient and arrives after the deadline, thus requiring a refuel."
L10,logistics,0,C,shortcut,150,100,20,18:50,9.0,NO,YES,REFUEL,18:50,"The total route is 150 km, taking 100 minutes of driving plus a 20-minute stop, arriving at 18:50, which is before the deadline, but requires refueling as only 8.5 L are available and 9.0 L are needed."
L10,logistics,1,A,careful,150,100,20,19:10,9.0,NO,YES,REFUEL,19:10,"The total distance is 150 km, requiring 100 minutes of driving and 20 minutes for the mandatory stop, leading to an arrival time of 19:10, which is before the deadline, but 9.0 L of fuel is needed, exceeding the available 8.5 L."
L10,logistics,1,A,distorter,180,100,24,19:50,12.2,YES,YES,REFUEL,19:50,"The total distance is 180 km, driving time 100 minutes, stop time 24 minutes, fuel required 12.2 L, and the action is REFUEL."
L10,logistics,1,A,shortcut,150,100,20,19:50,9.0,NO,NO,REFUEL_AND_EXPEDITE,19:20,"The total distance is 150 km, driving time is 100 minutes, and mandatory stop is 20 minutes, leading to an arrival time of 19:50, which is after the deadline, and insufficient fuel requires refueling and expediting."
L10,logistics,1,B,careful,150,100,20,19:10,9.0,NO,YES,REFUEL,19:10,"The total distance is 150 km, driving time is 100 minutes, mandatory stop is 20 minutes, leading to an arrival time of 19:10, which is before the deadline, but 9.0 L of fuel is required while only 8.5 L is available, so refueling is needed."
L10,logistics,1,B,distorter,180,120,20,19:50,10.2,NO,NO,REFUEL_AND_EXPEDITE,19:50,"The total distance is 180 km, driving time is 120 minutes, mandatory stop is 20 minutes, leading to an arrival time of 19:50, requiring 10.2 liters of fuel, which is not sufficient, and the arrival is not before the deadline, thus requiring both refuel and expedite."
L10,logistics,1,B,shortcut,150,100,20,19:50,9.0,NO,NO,REFUEL,19:50,"The total route distance is 150 km, driving time is 100 minutes, and mandatory stop is 20 minutes, leading to an arrival time of 19:50, which is after the deadline, and the available fuel is insufficient."
L10,logistics,1,C,careful,150,100,20,19:10,9.0,NO,YES,REFUEL,19:10,"The total distance is 150 km, requiring 100 minutes of driving and 9.0 L of fuel, leading to an arrival time of 19:10, which is before the deadline, but a refuel is needed."
L10,logistics,1,C,distorter,180,120,24,19:54,10.2,NO,NO,REFUEL_AND_EXPEDITE,19:54,"The total distance is 180 km, driving time is 100 minutes, mandatory stop is 24 minutes, leading to an arrival time of 19:54, requiring 10.2 liters of fuel, thus available fuel is insufficient and arrival is after the deadline, so the action is REFUEL_AND_EXPEDITE."
L10,logistics,1,C,shortcut,150,100,20,19:50,9.0,NO,NO,REFUEL,19:50,"The total route distance is 150 km, requiring 100 minutes of driving and 20 minutes of stopping, leading to an arrival time of 19:50, which is past the deadline, and the available fuel is insufficient."
L10,logistics,2,A,careful,150,100,20,19:10,9.0,NO,YES,REFUEL,19:10,"The total distance is 150 km, driving time is 100 minutes, mandatory stop is 20 minutes, leading to an arrival time of 19:10, which is before the deadline, but 9.0 L of fuel is required while only 8.5 L is available, so the action is REFUEL."
L10,logistics,2,A,distorter,180,120,24,19:00,10.2,YES,NO,REFUEL,19:00,"The total distance is 180 km, driving time is 120 minutes, mandatory stop is 24 minutes, arrival time is 19:00, fuel required is 10.2 L, available fuel is sufficient, arrival is not on or before the deadline, and the action is to refuel."
L10,logistics,2,A,shortcut,150,100,20,18:50,9.0,NO,YES,REFUEL,18:50,"The total distance is 150 km, driving time is 100 minutes, and the mandatory stop is 20 minutes, resulting in an arrival time of 18:50, which is before the deadline, but the available fuel is insufficient."
L10,logistics,2,B,careful,150,100,20,19:10,9.0,NO,YES,REFUEL,19:10,"The total distance is 150 km, driving time is 100 minutes, mandatory stop is 20 minutes, leading to an arrival time of 19:10, which is before the deadline, but 9.0 L of fuel is required while only 8.5 L is available, so refueling is needed."
L10,logistics,2,B,distorter,180,120,24,19:54,10.2,YES,YES,REFUEL,19:54,"The total distance is 180 km, driving time is 120 minutes, and with the stop, the arrival time is 19:54, requiring 10.2 L of fuel."
L10,logistics,2,B,shortcut,150,100,20,19:50,9.0,NO,NO,REFUEL,19:50,"The total distance is 150 km, driving time is 100 minutes, and stop time is 20 minutes, leading to an arrival time of 19:50, which is after the deadline and requires refueling."
L10,logistics,2,C,careful,150,100,20,19:10,9.0,NO,YES,REFUEL,19:10,"The total distance is 150 km, requiring 100 minutes of driving and 9.0 L of fuel, leading to an arrival time of 19:10, which is before the deadline, but insufficient fuel necessitates refueling."
L10,logistics,2,C,distorter,180,120,24,19:54,10.2,NO,NO,REFUEL_AND_EXPEDITE,19:54,"The total distance is 180 km, driving time is 100 minutes, stop time is 24 minutes, leading to an arrival time of 19:54, requiring 10.2 liters of fuel, meaning available fuel is insufficient and arrival is after the deadline, thus the action is to refuel and expedite."
L10,logistics,2,C,shortcut,150,100,20,18:50,9.0,NO,YES,REFUEL,18:50,"The total distance is 150 km, driving time is 100 minutes, and stop time is 20 minutes, leading to an arrival time of 18:50, which is before the deadline, but the available fuel is insufficient, requiring a refuel."
L2,logistics,0,A,careful,240,200,20,12:40,21.6,NO,YES,REFUEL,12:40,"The total distance is 240 km, requiring 200 minutes of driving and 20 minutes for the mandatory stop, leading to an arrival time of 12:40, which is before the deadline, but 21.6 L of fuel is needed while only 18 L is available, so refueling is required."
L2,logistics,0,A,distorter,288,230,24,13:14,25.9,NO,NO,REFUEL,13:14,"The total distance is 288 km, driving time is 230 minutes, mandatory stop is 24 minutes, leading to an arrival time of 13:14, which is over the deadline, and 25.9 liters of fuel are required, which is insufficient."
L2,logistics,0,A,shortcut,240,200,20,12:40,21.6,NO,YES,REFUEL,12:40,"The total distance is 240 km, driving time is 200 minutes, and the mandatory stop is 20 minutes, leading to an arrival time of 12:40, which is before the deadline, but the available fuel is insufficient."
L2,logistics,0,B,careful,240,200,20,12:40,21.6,NO,YES,REFUEL,12:40,"The total distance is 240 km, requiring 200 minutes of driving and 20 minutes for the mandatory stop, leading to an arrival time of 12:40, which is before the deadline, but 21.6 L of fuel is needed while only 18 L is available, so refueling is required."
L2,logistics,0,B,distorter,288,200,24,12:00,25.9,YES,NO,REFUEL,12:00,"The total distance is 288 km, driving time is 200 minutes, mandatory stop is 24 minutes, leading to an arrival time of 12:00, requiring 25.9 liters of fuel, which is sufficient, but the arrival is not before the deadline, so the action is REFUEL."
L2,logistics,0,B,shortcut,240,200,20,12:40,21.6,NO,YES,REFUEL,12:40,"The total distance is 240 km, driving time is 200 minutes, and mandatory stop is 20 minutes, leading to an arrival time of 12:40, which is before the deadline, but the fuel required (21.6 L) exceeds the available fuel (18 L), necessitating a refuel action."
L2,logistics,0,C,careful,240,200,20,12:40,21.6,NO,YES,REFUEL,12:40,"The total distance is 240 km, requiring 21.6 L of fuel, which exceeds the available 18 L, so refueling is necessary, but the arrival time of 12:40 is before the 12:45 deadline."
L2,logistics,0,C,distorter,288,230,24,13:02,25.9,NO,NO,REFUEL_AND_EXPEDITE,13:02,"The total distance and driving time are calculated, the mandatory stop is added, and the arrival time is determined, leading to the need to refuel and expedite due to insufficient fuel and a late arrival."
L2,logistics,0,C,shortcut,240,200,20,12:40,21.6,NO,YES,REFUEL,12:40,"The total distance is 240 km, driving time is 200 minutes, and the mandatory stop is 20 minutes, leading to an arrival time of 12:40, which is before the deadline, but requires refueling."
L2,logistics,1,A,careful,240,200,20,12:40,21.6,NO,YES,REFUEL,12:40,"The total distance is 240 km, requiring 200 minutes of driving and 20 minutes for the mandatory stop, leading to an arrival time of 12:40, which is before the deadline, but 21.6 L of fuel are needed while only 18 L are available, so refueling is required."
L2,logistics,1,A,distorter,288,230,24,13:08,25.9,NO,NO,REFUEL_AND_EXPEDITE,13:08,"The total distance is 288 km, driving time is 230 minutes, mandatory stop is 24 minutes, leading to a 13:08 arrival, requiring 25.9 liters of fuel, thus necessitating both refueling and expediting."
L2,logistics,1,A,shortcut,240,200,20,12:40,21.6,NO,YES,REFUEL,12:40,"The total distance is 240 km, driving time is 200 minutes, and the mandatory stop is 20 minutes, leading to an arrival time of 12:40, which is before the deadline, but the available fuel is insufficient."
L2,logistics,1,B,careful,240,200,20,12:40,21.6,NO,YES,REFUEL,12:40,"The total distance is 240 km, requiring 200 minutes of driving and 20 minutes for the stop, leading to an arrival time of 12:40, which is before the deadline, but 21.6 L of fuel is required while only 18 L is available, necessitating a refuel."
L2,logistics,1,B,distorter,288,234,24,13:06,25.9,NO,NO,REFUEL,13:06,"The total distance is 288 km, driving time is 234 minutes, mandatory stop is 24 minutes, leading to an arrival time of 13:06, requiring 25.9 liters of fuel, which is insufficient, and the arrival is past the deadline, so the action is REFUEL."
L2,logistics,1,B,shortcut,240,200,20,12:40,21.6,NO,YES,REFUEL,12:40,"The total route distance is 240 km, driving time is 200 minutes, and the mandatory stop is 20 minutes, leading to an arrival time of 12:40, which is before the deadline; however, the fuel required (21.6 L) exceeds the available fuel (18 L), necessitating a REFUEL action."
L2,logistics,1,C,careful,240,200,20,12:40,21.6,NO,YES,REFUEL,12:40,"The total distance is 240 km, requiring 21.6 L of fuel, which exceeds the 18 L available, and the arrival time of 12:40 is before the 12:45 deadline, so the action is REFUEL."
L2,logistics,1,C,distorter,288,230,24,13:00,25.9,YES,NO,REFUEL,13:00,"The total distance is 288 km, driving time is 230 minutes, and with a 24-minute stop, the arrival time is 13:00, requiring 25.9 liters of fuel, which is sufficient, but the arrival is not before the deadline, so the action is to refuel."
L2,logistics,1,C,shortcut,240,200,20,12:40,21.6,NO,YES,REFUEL,12:40,"The total distance is 240 km, driving time is 200 minutes, and stop time is 20 minutes, leading to an arrival time of 12:40, which is before the deadline, but requires refueling as 21.6 L are needed and only 18 L are available."
L2,logistics,2,A,careful,240,200,20,12:40,21.6,NO,YES,REFUEL,12:40,"The total distance is 240 km, driving time is 200 minutes, mandatory stop is 20 minutes, leading to an arrival time of 12:40, which is before the 12:45 deadline, but 21.6 L of fuel are required while only 18 L are available, so refueling is necessary."
L2,logistics,2,A,distorter,288,230,24,13:06,25.9,NO,NO,REFUEL_AND_EXPEDITE,13:06,"The total distance is 288 km, driving time is 230 minutes, mandatory stop is 24 minutes, fuel required is 25.9 L, available fuel is insufficient, and arrival is after the deadline, thus requiring both refueling and expediting."
L2,logistics,2,A,shortcut,240,200,20,12:40,21.6,NO,YES,REFUEL,12:40,"The total route distance is 240 km, requiring 200 minutes of driving and a 20-minute stop, resulting in an arrival time of 12:40, which is before the deadline but requires refueling due to insufficient fuel."
L2,logistics,2,B,careful,240,200,20,12:40,21.6,NO,YES,REFUEL,12:40,"The total distance is 240 km, requiring 200 minutes of driving and 20 minutes for the stop, leading to an arrival time of 12:40, which is before the deadline, but 21.6 L of fuel is needed while only 18 L is available, so refueling is required."
L2,logistics,2,B,distorter,288,200,24,12:34,25.9,YES,NO,REFUEL,12:34,"The total distance is 288 km, driving time is 200 minutes, mandatory stop is 24 minutes, leading to an arrival time of 12:34, requiring 25.9 liters of fuel, which is sufficient, but the arrival is not before the deadline, so the action is REFUEL."
L2,logistics,2,B,shortcut,240,200,20,12:40,21.6,NO,YES,REFUEL,12:40,"The total route distance is 240 km, requiring 200 minutes of driving and a 20-minute stop, resulting in an arrival time of 12:40, which is before the deadline, but the available fuel is insufficient."
L2,logistics,2,C,careful,240,200,20,12:40,21.6,NO,YES,REFUEL,12:40,"The total distance is 240 km, requiring 21.6 L of fuel, which exceeds the 18 L available, and the calculated arrival time of 12:40 is before the 12:45 deadline, so the action is REFUEL."
L2,logistics,2,C,distorter,288,230,24,13:02,25.9,NO,NO,REFUEL_AND_EXPEDITE,13:02,"The total distance is 288 km, requiring 230 minutes of driving and 24 minutes for the stop, leading to an arrival time of 13:02, which is after the deadline and requires more fuel than available."
L2,logistics,2,C,shortcut,240,200,20,12:40,21.6,NO,YES,REFUEL,12:40,"The total distance is 240 km, driving time is 200 minutes, and the stop is 20 minutes, leading to an arrival time of 12:40, which is before the deadline, but requires refueling due to insufficient fuel."
L3,logistics,0,A,careful,135,90,15,08:30,8.1,YES,NO,EXPEDITE,08:30,"The total distance is 135 km, driving time is 90 minutes, mandatory stop is 15 minutes, leading to an arrival time of 08:30, which is past the 08:20 deadline, and fuel required is 8.1 L, which is sufficient."
L3,logistics,0,A,distorter,162,108,18,08:45,11.7,NO,NO,REFUEL,08:45,"The total distance, driving time, and mandatory stop time were calculated, leading to an arrival time that is over the deadline and requiring more fuel than available."
L3,logistics,0,A,shortcut,135,90,15,08:15,8.1,NO,YES,REFUEL,08:15,"The total route distance is 135 km, requiring 90 minutes of driving and a 15-minute stop, resulting in an arrival time of 08:15, which is before the deadline but requires refueling due to insufficient fuel."
L3,logistics,0,B,careful,135,90,15,08:30,8.1,YES,NO,REFUEL_AND_EXPEDITE,08:30,"The total distance is 135 km, driving time is 90 minutes, mandatory stop is 15 minutes, leading to an arrival time of 08:30, which is after the 08:20 deadline, and fuel required is 8.1 L which is less than 10 L available."
L3,logistics,0,B,distorter,162,90,18,08:33,8.6,NO,NO,REFUEL_AND_EXPEDITE,08:33,"The total distance is 135 km, driving time is 90 minutes, mandatory stop is 15 minutes, leading to an arrival time of 08:30, requiring 8.1 liters of fuel, which is sufficient, and the arrival is on time, so the action is PROCEED."
L3,logistics,0,B,shortcut,135,90,15,08:30,8.1,NO,NO,REFUEL,08:30,"The total distance is 135 km, driving time is 90 minutes, and stop time is 15 minutes, leading to an arrival time of 08:30, which is past the deadline and requires refueling."
L3,logistics,0,C,careful,135,90,15,08:30,8.1,YES,NO,EXPEDITE,08:30,"The total distance is 135 km, requiring 90 minutes of driving and 8.1 liters of fuel, leading to an arrival time of 08:30, which is after the 08:20 deadline, thus requiring expedition."
L3,logistics,0,C,distorter,162.0,100,18,08:33,10.8,NO,NO,REFUEL,08:33,"The total distance, driving time, and fuel required were calculated, leading to a late arrival and insufficient fuel, thus requiring refueling."
L3,logistics,0,C,shortcut,135,90,15,08:15,8.1,NO,YES,REFUEL,08:15,"The total distance is 135 km, driving time is 90 minutes, and stop time is 15 minutes, leading to an arrival time of 08:15, which is before the deadline, but requires refueling."
L3,logistics,1,A,careful,135,90,15,08:30,8.1,YES,NO,EXPEDITE,08:30,"The total distance is 135 km, driving time is 90 minutes, mandatory stop is 15 minutes, leading to an arrival time of 08:30, which is past the 08:20 deadline, and fuel required is 8.1 L, which is less than 10 L available."
L3,logistics,1,A,distorter,162.0,110,18,09:53,10.8,NO,NO,REFUEL,09:53,"The total distance is 162 km, requiring 10.8 L of fuel, and the arrival time of 09:53 is after the deadline, so the action is REFUEL."
L3,logistics,1,A,shortcut,135,90,15,08:15,8.1,NO,YES,REFUEL,08:15,"The total route distance is 135 km, requiring 90 minutes of driving and a 15-minute stop, resulting in an arrival time of 08:15, which is before the deadline, but the available fuel is insufficient, necessitating a refuel."
L3,logistics,1,B,careful,135,90,15,08:30,8.1,YES,NO,REFUEL_AND_EXPEDITE,08:30,"The total distance is 135 km, driving time is 90 minutes, and with a 15-minute stop, the arrival time is 08:30, requiring 8.1 L of fuel, which is sufficient, but the arrival is after the 08:20 deadline."
L3,logistics,1,B,distorter,162,90,18,08:18,11.7,YES,NO,REFUEL,08:18,"The total distance is 162 km, driving time is 90 minutes, mandatory stop is 18 minutes, arrival time is 08:18, fuel required is 11.7 L, available fuel is sufficient, arrival is not on or before the deadline, and the action is to refuel."
L3,logistics,1,B,shortcut,135,90,15,08:30,8.1,NO,NO,REFUEL,08:30,"The total distance is 135 km, driving time is 90 minutes, and the stop is 15 minutes, leading to an arrival time of 08:30, which is past the deadline, and the available fuel is insufficient."
L3,logistics,1,C,careful,135,90,15,08:30,8.1,YES,NO,EXPEDITE,08:30,"The total distance is 135 km, driving time is 90 minutes, mandatory stop is 15 minutes, leading to an arrival time of 08:30, which is after the 08:20 deadline, and fuel is sufficient."
L3,logistics,1,C,distorter,162.0,100,18,08:33,10.8,YES,NO,REFUEL,08:33,"The total distance is 162 km, driving time is 100 minutes, and with an 18-minute stop, the arrival time is 08:33, which is after the deadline, and fuel is insufficient."
L3,logistics,1,C,shortcut,135,90,15,08:15,8.1,NO,YES,REFUEL,08:15,"The total route distance is 135 km, driving time is 90 minutes, and with a 15-minute stop, the arrival time is 08:15, which is before the deadline, but the available fuel is insufficient."
L3,logistics,2,A,careful,135,90,15,08:30,8.1,YES,NO,EXPEDITE,08:30,"The total distance is 135 km, driving time is 90 minutes, mandatory stop is 15 minutes, fuel required is 8.1 L, and the calculated arrival time is 08:30, which is after the 08:20 deadline."
L3,logistics,2,A,distorter,162,110,18,08:45,10.8,NO,NO,REFUEL_AND_EXPEDITE,08:45,"The total distance is 162 km, requiring 10.8 L of fuel, and the arrival time of 08:45 is after the deadline, necessitating both refueling and expediting."
L3,logistics,2,A,shortcut,135,90,15,08:15,8.1,NO,YES,REFUEL,08:15,"The total route distance is 135 km, requiring 90 minutes of driving and a 15-minute stop, resulting in an arrival time of 08:15, which is before the deadline, but requires refueling due to insufficient fuel."
L3,logistics,2,B,careful,135,90,15,08:30,8.1,YES,NO,REFUEL_AND_EXPEDITE,08:30,"The total distance is 135 km, driving time is 90 minutes, mandatory stop is 15 minutes, leading to an arrival time of 08:30, which is after the 08:20 deadline, and fuel required is 8.1 L, which is less than 10 L available."
L3,logistics,2,B,distorter,162.0,90,18,08:33,10.8,YES,NO,REFUEL,08:33,"The total distance is 162 km, driving time is 90 minutes, mandatory stop is 18 minutes, leading to an arrival time of 08:33, which is after the deadline, and the available fuel is sufficient."
L3,logistics,2,B,shortcut,135,90,15,08:30,8.1,NO,NO,REFUEL,08:30,"The total route distance is 135 km, driving time is 90 minutes, and mandatory stop is 15 minutes, resulting in an arrival time of 08:30, which is after the deadline, and the available fuel is insufficient."
L3,logistics,2,C,careful,135,90,15,08:30,8.1,YES,NO,EXPEDITE,08:30,"The total distance is 135 km, driving time is 90 minutes, mandatory stop is 15 minutes, leading to an arrival time of 08:30, which is after the 08:20 deadline, thus requiring an expedite action."
L3,logistics,2,C,distorter,162.0,100,18,08:45,7.2,NO,NO,REFUEL_AND_EXPEDITE,08:45,"The total distance is 162 km, requiring 100 minutes of driving and 18 minutes for the stop, leading to an arrival time of 08:45, which is past the deadline, and the available fuel is insufficient."
L3,logistics,2,C,shortcut,135,90,15,08:15,8.1,NO,YES,REFUEL,08:15,"The total distance is 135 km, driving time is 90 minutes, and stop time is 15 minutes, leading to an arrival time of 08:15, which is before the deadline, but requires refueling."
L4,logistics,0,A,careful,150,120,10,16:20,10.5,NO,YES,REFUEL,16:20,"The total distance is 150 km, driving time is 120 minutes, and with a 10-minute stop, the arrival time is 16:20, which is before the deadline, but 10.5 L of fuel is required, exceeding the 9 L available."
L4,logistics,0,A,distorter,180,144,12,17:52,15.1,YES,NO,REFUEL_AND_EXPEDITE,17:52,"The total distance is 180 km, driving time is 144 minutes, mandatory stop is 12 minutes, leading to an arrival time of 17:52, requiring 15.1 L of fuel, which is sufficient, but the arrival is not on time, thus requiring both refuel and expedite."
L4,logistics,0,A,shortcut,150,120,10,16:10,10.5,NO,YES,REFUEL,16:10,"The total distance is 150 km, requiring 120 minutes of driving and a 10-minute stop, resulting in an arrival time of 16:10, which is before the deadline, but the available fuel is insufficient."
L4,logistics,0,B,careful,150,120,10,16:20,10.5,NO,YES,REFUEL,16:20,"The total distance is 150 km, driving time is 120 minutes, mandatory stop is 10 minutes, leading to an arrival time of 16:20 which is before the deadline, but 10.5 L of fuel are required while only 9 L are available, so refueling is needed."
L4,logistics,0,B,distorter,180,120,12,16:44,11.8,YES,NO,REFUEL,16:44,"The total distance is 180 km, driving time is 120 minutes, mandatory stop is 12 minutes, leading to an arrival time of 16:44, requiring 11.8 liters of fuel, which is sufficient, but the arrival is not before the deadline, so the action is REFUEL."
L4,logistics,0,B,shortcut,150,120,10,16:30,10.5,NO,YES,REFUEL,16:30,"The total route distance is 150 km, requiring 120 minutes of driving and 10 minutes of stopping, leading to an arrival time of 16:30, which is before the deadline, but the available fuel is insufficient."
L4,logistics,0,C,careful,150,120,10,16:20,10.5,NO,YES,REFUEL,16:20,"The total distance is 150 km, driving time is 120 minutes, mandatory stop is 10 minutes, leading to an arrival time of 16:20 which is before the 16:45 deadline, but 10.5 L of fuel is required while only 9 L is available, so the action is REFUEL."
L4,logistics,0,C,distorter,180,120,12,16:00,12.6,NO,NO,REFUEL_AND_EXPEDITE,16:00,"The total distance is 180 km, driving time is 120 minutes, mandatory stop is 12 minutes, estimated arrival is 16:00, and 12.6 liters of fuel are required, necessitating both refueling and expediting to meet the deadline."
L4,logistics,0,C,shortcut,150,120,10,16:10,10.5,NO,YES,REFUEL,16:10,"The total distance is 150 km, driving time is 120 minutes, and stop time is 10 minutes, leading to an arrival time of 16:10, which is before the deadline, but requires refueling."
L4,logistics,1,A,careful,150,120,10,16:20,10.5,NO,YES,REFUEL,16:20,"The total distance is 150 km, driving time is 120 minutes, and with a 10-minute stop, the arrival time is 16:20, which is before the 16:45 deadline, but 10.5 L of fuel are required, exceeding the 9 L available, so refueling is necessary."
L4,logistics,1,A,distorter,180,144,12,17:54,12.6,YES,YES,REFUEL,17:54,"The total distance is 180 km, driving time is 144 minutes, and with a 12-minute stop, the arrival time is 17:54, requiring 12.6 L of fuel, which is sufficient, and the arrival is on time, so the action is REFUEL."
L4,logistics,1,A,shortcut,150,120,10,16:10,10.5,NO,YES,REFUEL,16:10,"The total distance is 150 km, requiring 120 minutes of driving and a 10-minute stop, leading to an arrival at 16:10, which is before the deadline, but the available fuel is insufficient."
L4,logistics,1,B,careful,150,120,10,16:20,10.5,NO,YES,REFUEL,16:20,"The total distance is 150 km, driving time is 120 minutes, mandatory stop is 10 minutes, leading to an arrival time of 16:20, which is before the deadline, but 10.5 L of fuel is required while only 9 L is available, so the action is REFUEL."
L4,logistics,1,B,distorter,180,120,12,16:50,12.6,NO,NO,REFUEL_AND_EXPEDITE,16:50,"The total distance is 180 km, driving time is 120 minutes, stop time is 12 minutes, leading to an arrival time of 16:50, which is after the deadline, and the fuel required is 12.6 L, which is more than available."
L4,logistics,1,B,shortcut,150,120,10,16:30,10.5,NO,YES,REFUEL,16:30,"The total route distance is 150 km, driving time is 120 minutes, and mandatory stop is 10 minutes, requiring a refuel to meet the deadline."
L4,logistics,1,C,careful,150,120,10,16:20,10.5,NO,YES,REFUEL,16:20,"The total distance is 150 km, requiring 120 minutes of driving and 10 minutes for the mandatory stop, leading to an arrival time of 16:20, which is before the deadline, but 10.5 liters of fuel are needed, exceeding the 9 liters available."
L4,logistics,1,C,distorter,180,144,12,17:12,12.6,YES,YES,REFUEL_AND_EXPEDITE,17:12,"The total distance is 180 km, driving time is 144 minutes, and with a 12-minute stop, the arrival time is 17:12, requiring 12.6 liters of fuel, which is sufficient, but the arrival is after the deadline, so the action is REFUEL_AND_EXPEDITE."
L4,logistics,1,C,shortcut,150,120,10,16:10,10.5,NO,YES,REFUEL,16:10,"The total distance is 150 km, driving time is 120 minutes, and the stop is 10 minutes, leading to an arrival time of 16:10, which is before the deadline, but the available fuel is insufficient and requires refueling."
L4,logistics,2,A,careful,150,120,10,16:20,10.5,NO,YES,REFUEL,16:20,"The total distance is 150 km, driving time is 120 minutes, mandatory stop is 10 minutes, leading to an arrival time of 16:20, which is before the deadline, but 10.5 L of fuel is required while only 9 L is available, so the action is REFUEL."
L4,logistics,2,A,distorter,180,144,12,17:54,12.6,NO,NO,REFUEL_AND_EXPEDITE,17:54,"The total distance is 180 km, driving time is 144 minutes, mandatory stop is 12 minutes, and the arrival time is 17:54, requiring a refuel and expedite action."
L4,logistics,2,A,shortcut,150,120,10,16:10,10.5,NO,YES,REFUEL,16:10,"The total distance is 150 km, requiring 120 minutes of driving and a 10-minute stop, resulting in an arrival time of 16:10, which is before the deadline, but the available fuel is insufficient."
L4,logistics,2,B,careful,150,120,10,16:20,10.5,NO,YES,REFUEL,16:20,"The total distance is 150 km, driving time is 120 minutes, mandatory stop is 10 minutes, leading to an arrival time of 16:20, which is before the deadline, but 10.5 L of fuel is required while only 9 L is available, so the action is REFUEL."
L4,logistics,2,B,distorter,180,120,12,16:44,12.6,NO,NO,REFUEL_AND_EXPEDITE,16:44,"The total distance is 180 km, driving time is 120 minutes, mandatory stop is 12 minutes, leading to an arrival time of 16:44, requiring 12.6 liters of fuel, which is insufficient, and the arrival is past the deadline, thus requiring both refueling and expediting."
L4,logistics,2,B,shortcut,150,120,10,16:30,10.5,NO,YES,REFUEL,16:30,"The total route distance is 150 km, requiring 120 minutes of driving and a 10-minute stop, leading to an arrival time of 16:30, which is before the deadline, but the available fuel is insufficient."
L4,logistics,2,C,careful,150,120,10,16:20,10.5,NO,YES,REFUEL,16:20,"The total distance is 150 km, driving time is 120 minutes, mandatory stop is 10 minutes, leading to an arrival time of 16:20 which is before the deadline, but 10.5 L of fuel is required while only 9 L is available, so the action is REFUEL."
L4,logistics,2,C,distorter,180,144,12,17:12,15.1,YES,NO,REFUEL_AND_EXPEDITE,17:12,"The total distance is 180 km, driving time is 144 minutes, and with a 12-minute stop, the arrival time is 17:12, requiring 15.1 liters of fuel, which is sufficient, but the arrival is not on time, so the action is to refuel and expedite."
L4,logistics,2,C,shortcut,150,120,10,16:30,10.5,NO,YES,REFUEL,16:30,"The total distance is 150 km, requiring 120 minutes of driving and a 10-minute stop, leading to an arrival at 16:30, which is before the deadline, but requires refueling as only 9L is available and 10.5L is needed."
L5,logistics,0,A,careful,150,150,0,10:00,10.5,YES,YES,PROCEED,10:00,"The total distance is 150 km, driving time is 150 minutes, mandatory stop is 0 minutes, arrival time is 10:00, fuel required is 10.5 L, available fuel is sufficient, and arrival is on time, so the action is PROCEED."
L5,logistics,0,A,distorter,180,180,0,11:00,12.6,NO,NO,REFUEL_AND_EXPEDITE,11:00,"The total distance is 180 km, driving time is 180 minutes, mandatory stop is 0 minutes, fuel required is 12.6 L, available fuel is not sufficient, arrival is not before the deadline, and the action is REFUEL_AND_EXPEDITE, with a final arrival time of 11:00."
L5,logistics,0,A,shortcut,150,150,0,10:00,10.5,NO,YES,REFUEL,10:00,"The total distance is 150 km, requiring 10.5 L of fuel, which is more than the 15 L available, thus requiring refueling."
L5,logistics,0,B,careful,150,150,0,10:00,10.5,YES,YES,PROCEED,10:00,"The total distance is 150 km, driving time is 150 minutes, and with no mandatory stop, the arrival time is 10:00, which is on the deadline, and the available fuel is sufficient."
L5,logistics,0,B,distorter,180,180,0,10:30,12.6,NO,NO,REFUEL,10:30,"The total distance is 180 km, driving time is 180 minutes, arrival time is 10:30, fuel required is 12.6 L, and the action is REFUEL."
L5,logistics,0,B,shortcut,150,150,0,10:00,10.5,YES,YES,PROCEED,10:00,"The total distance is 150 km, driving time is 150 minutes, and fuel required is 10.5 L, which is available, allowing for an on-time arrival."
L5,logistics,0,C,careful,150,150,0,10:00,10.5,NO,YES,REFUEL,10:00,"The total distance is 150 km, requiring 150 minutes of driving and 10.5 L of fuel, so refueling is necessary, but the arrival time of 10:00 is on time."
L5,logistics,0,C,distorter,180,180,0,10:30,12.6,NO,NO,REFUEL_AND_EXPEDITE,10:30,"The total distance is 180 km, driving time is 180 minutes, and arrival is at 10:30, requiring refueling and expediting to meet the deadline."
L5,logistics,0,C,shortcut,150,150,0,10:00,10.5,NO,YES,REFUEL,10:00,"The total route distance is 150 km, requiring 150 minutes of driving time, and the arrival deadline is 10:00, but the available fuel is insufficient, necessitating a refuel action."
L5,logistics,1,A,careful,150,150,0,10:00,10.5,YES,YES,PROCEED,10:00,"The total distance is 150 km, driving time is 150 minutes, and with no mandatory stop, the arrival time is 10:00, which is on the deadline, and the available fuel is sufficient."
L5,logistics,1,A,distorter,180,180,0,10:30,12.6,NO,NO,REFUEL,10:30,"The total distance is 180 km, driving time is 180 minutes, mandatory stop is 0 minutes, leading to an arrival time of 10:30, requiring 12.6 L of fuel, which is not sufficient and is over the deadline, thus requiring a refuel."
L5,logistics,1,A,shortcut,150,150,0,10:00,10.5,NO,YES,REFUEL,10:00,"The total distance is 150 km, requiring 10.5 L of fuel, which is more than the 15 L available, thus the action is REFUEL."
L5,logistics,1,B,careful,150,150,0,10:00,10.5,YES,YES,PROCEED,10:00,"The total distance is 150 km, driving time is 150 minutes, mandatory stop is 0 minutes, leading to an arrival time of 10:00, which is on the deadline, and the 10.5 L of fuel required is less than the 15 L available."
L5,logistics,1,B,distorter,180,180,0,10:30,12.6,NO,NO,REFUEL,10:30,"The total distance is 180 km, driving time is 180 minutes, fuel required is 12.6 L, and arrival is at 10:30, necessitating a refuel and indicating late arrival."
L5,logistics,1,B,shortcut,150,150,0,10:00,10.5,YES,YES,PROCEED,10:00,"The total route distance is 150 km, requiring 150 minutes of driving time, and the arrival time of 10:00 is within the deadline with sufficient fuel."
L5,logistics,1,C,careful,150,150,0,10:00,10.5,YES,YES,PROCEED,10:00,"The total distance is 150 km, driving time is 150 minutes, fuel required is 10.5 L which is available, and the calculated arrival time of 10:00 is on the deadline."
L5,logistics,1,C,distorter,180,180,0,10:30,12.6,NO,NO,REFUEL_AND_EXPEDITE,10:30,"The total distance is 180 km, requiring 180 minutes of driving and 12.6 liters of fuel, leading to a late arrival and insufficient fuel."
L5,logistics,1,C,shortcut,150,150,0,10:00,10.5,NO,YES,REFUEL,10:00,"The total route distance is 150 km, requiring 10.5 L of fuel, which is more than the available 15 L, but the arrival time of 10:00 meets the deadline, so the action is to refuel."
L5,logistics,2,A,careful,150,150,0,10:00,10.5,YES,YES,PROCEED,10:00,"The total distance is 150 km, driving time is 150 minutes, mandatory stop is 0 minutes, fuel required is 10.5 L which is sufficient, and the arrival time of 10:00 is on the deadline, so the action is PROCEED."
L5,logistics,2,A,distorter,180,180,0,10:30,12.6,NO,NO,REFUEL,10:30,"The total distance is 180 km, driving time is 180 minutes, mandatory stop is 0 minutes, arrival time is 10:30, fuel required is 12.6 L, available fuel is insufficient, arrival is after the deadline, and the action is REFUEL."
L5,logistics,2,A,shortcut,150,150,0,10:00,10.5,NO,YES,REFUEL,10:00,"The total distance is 150 km, requiring 10.5 L of fuel, which is more than the 15 L available, thus requiring refueling."
L5,logistics,2,B,careful,150,150,0,10:00,10.5,YES,YES,PROCEED,10:00,"The total distance is 150 km, driving time is 150 minutes, mandatory stop is 0 minutes, leading to an arrival time of 10:00, which is on the deadline, and the 10.5 L fuel required is less than the 15 L available."
L5,logistics,2,B,distorter,180,180,0,10:30,12.6,NO,NO,REFUEL,10:30,"The total distance is 180 km, driving time is 180 minutes, arrival is 10:30, fuel required is 12.6 L, and the action is REFUEL."
L5,logistics,2,B,shortcut,150,150,0,10:00,10.5,NO,YES,REFUEL,10:00,"The total route distance is 150 km, requiring 150 minutes of driving, and the fuel available is insufficient, necessitating a refuel action to meet the deadline."
L5,logistics,2,C,careful,150,150,0,10:00,10.5,YES,YES,PROCEED,10:00,"The total distance is 150 km, driving time is 150 minutes, fuel required is 10.5 L, and the arrival time of 10:00 is on the deadline, so the action is PROCEED."
L5,logistics,2,C,distorter,180,180,0,10:30,12.6,NO,NO,REFUEL,10:30,"The total distance is 180 km, driving time is 180 minutes, and the arrival time is 10:30, requiring 12.6 L of fuel, so refueling is needed and arrival is late."
L5,logistics,2,C,shortcut,150,150,0,10:00,10.5,NO,YES,REFUEL,10:00,"The total distance is 150 km, requiring 10.5 L of fuel, which is more than the available 15 L, but the arrival time of 10:00 meets the deadline, so the action is to refuel."
L6,logistics,0,A,careful,180,120,45,14:45,14.4,NO,YES,REFUEL,14:45,"The total route distance is 180 km, requiring 120 minutes of driving and 45 minutes for the mandatory stop, leading to an arrival time of 14:45, which is before the deadline, but 14.4 L of fuel is required, exceeding the 14 L available."
L6,logistics,0,A,distorter,216,144,54,14:45,13.4,NO,NO,REFUEL,14:45,"The total distance is 216 km, driving time is 144 minutes, mandatory stop is 54 minutes, fuel required is 13.4 L, and arrival is at 14:45, necessitating a refuel due to insufficient fuel and late arrival."
L6,logistics,0,A,shortcut,180,120,45,14:05,14.4,NO,NO,REFUEL_AND_EXPEDITE,14:05,"The total route distance is 180 km, requiring 120 minutes of driving and a 45-minute stop, leading to an arrival time of 14:05, which is past the 15:00 deadline and requires refueling."
L6,logistics,0,B,careful,180,120,45,14:05,14.4,NO,YES,REFUEL,14:05,"The total distance is 180 km, driving time is 120 minutes, mandatory stop is 45 minutes, leading to an arrival time of 14:05; fuel required is 14.4 L, which exceeds the available 14 L, so refueling is needed, but the arrival is still before the deadline."
L6,logistics,0,B,distorter,216,144,54,14:45,13.4,YES,NO,REFUEL,14:45,"The total distance is 180 km, driving time is 120 minutes, mandatory stop is 45 minutes, fuel required is 14.4 L, and the arrival time is 14:45, which is before the deadline."
L6,logistics,0,B,shortcut,180,120,45,14:05,14.4,NO,NO,REFUEL,14:05,"The total distance is 180 km, driving time is 120 minutes, and the stop is 45 minutes, leading to an arrival time of 14:05, which is after the 15:00 deadline, and the available fuel is insufficient."
L6,logistics,0,C,careful,180,120,45,14:45,14.4,NO,YES,REFUEL,14:45,"The total distance is 180 km, requiring 120 minutes of driving and 14.4 L of fuel, leading to a 14:45 arrival which is on time, but insufficient fuel necessitates refueling."
L6,logistics,0,C,distorter,216,144,54,15:15,13.4,NO,NO,REFUEL,15:15,"The total distance is 216 km, driving time is 144 minutes, mandatory stop is 54 minutes, requiring 13.4 L of fuel, leading to a late arrival at 15:15 and a need to refuel."
L6,logistics,0,C,shortcut,180,120,45,14:05,14.4,NO,YES,REFUEL,14:05,"The route is 180 km, taking 120 minutes of driving plus 45 minutes of mandatory stop, leading to an arrival at 14:05, which is before the 15:00 deadline, but requires refueling as only 14L is available and 14.4L is needed."
L6,logistics,1,A,careful,180,120,45,14:45,14.4,NO,YES,REFUEL,14:45,"The total distance is 180 km, driving time is 120 minutes, and with a 45-minute stop, the arrival time is 14:45, requiring 14.4 L of fuel which exceeds the 14 L available, thus requiring refueling."
L6,logistics,1,A,distorter,216,144,54,14:45,13.4,NO,NO,REFUEL_AND_EXPEDITE,14:45,"The total distance is 216 km, requiring 144 minutes of driving and 54 minutes for the stop, leading to an arrival time of 14:45, which is over the deadline, and the available fuel is insufficient."
L6,logistics,1,A,shortcut,180,120,45,14:05,14.4,NO,NO,REFUEL_AND_EXPEDITE,14:05,"The total route distance is 180 km, requiring 120 minutes of driving and a 45-minute stop, resulting in an arrival time of 14:05, which is past the 15:00 deadline and requires refueling."
L6,logistics,1,B,careful,180,120,45,14:05,14.4,NO,YES,REFUEL,14:05,"The total distance is 180 km, requiring 120 minutes of driving and 45 minutes for the stop, leading to an arrival time of 14:05, which is before the 15:00 deadline, but 14.4 L of fuel is required while only 14 L is available, so refueling is necessary."
L6,logistics,1,B,distorter,216,144,54,14:45,13.4,NO,NO,REFUEL,14:45,"The total distance is 180 km, driving time is 120 minutes, and the mandatory stop is 45 minutes, leading to an arrival time of 14:45 and insufficient fuel."
L6,logistics,1,B,shortcut,180,120,45,14:45,14.4,NO,YES,REFUEL,14:45,"The total distance is 180 km, driving time is 120 minutes, and stop time is 45 minutes, leading to an arrival time of 14:45, which is before the deadline, but requires refueling as 14.4 L are needed and only 14 L are available."
L6,logistics,1,C,careful,180,120,45,14:45,14.4,NO,YES,REFUEL,14:45,"The total distance is 180 km, requiring 120 minutes of driving and 14.4 L of fuel, leading to an arrival time of 14:45, which is before the deadline, but refueling is needed."
L6,logistics,1,C,distorter,216,144,54,15:45,16.8,NO,NO,REFUEL_AND_EXPEDITE,15:45,"The total distance, driving time, and stop time were increased, leading to a later arrival and insufficient fuel, thus requiring both refueling and expediting."
L6,logistics,1,C,shortcut,180,120,45,14:05,14.4,NO,YES,REFUEL,14:05,"The total distance is 180 km, driving time is 120 minutes, and the mandatory stop is 45 minutes, leading to an arrival time of 14:05, which is before the 15:00 deadline, but requires refueling."
L6,logistics,2,A,careful,180,120,45,14:45,14.4,NO,YES,REFUEL,14:45,"The total distance is 180 km, requiring 120 minutes of driving and 45 minutes for the stop, leading to an arrival time of 14:45, which is before the deadline, but the 14.4 L of fuel required exceeds the 14 L available, necessitating a refuel."
L6,logistics,2,A,distorter,216,144,54,14:45,13.4,NO,NO,REFUEL,14:45,"The total distance is 216 km, driving time is 144 minutes, and with a 54-minute stop, the arrival time is 14:45, requiring 13.4 L of fuel, which is insufficient, and the arrival is not before the deadline, thus requiring a refuel."
L6,logistics,2,A,shortcut,180,120,45,14:05,14.4,NO,NO,REFUEL_AND_EXPEDITE,14:05,"The total route distance is 180 km, requiring 120 minutes of driving and a 45-minute stop, resulting in an arrival time of 14:05, which is past the 15:00 deadline and requires refueling."
L6,logistics,2,B,careful,180,120,45,14:05,14.4,NO,YES,REFUEL,14:05,"The total distance is 180 km, driving time is 120 minutes, and with a 45-minute stop, the arrival time is 14:05, which is before the 15:00 deadline, but 14.4 L of fuel is required, exceeding the 14 L available, so refueling is necessary."
L6,logistics,2,B,distorter,216,144,54,14:45,13.4,YES,NO,REFUEL,14:45,"The total distance is 180 km, driving time is 120 minutes, and the mandatory stop is 45 minutes, leading to an arrival time of 14:45, requiring 14.4L of fuel."
L6,logistics,2,B,shortcut,180,120,45,14:45,14.4,NO,YES,REFUEL,14:45,"The total distance is 180 km, driving time is 120 minutes, and stop time is 45 minutes, resulting in an arrival time of 14:45, which is before the deadline, but requires refueling as 14.4 L are needed and only 14 L are available."
L6,logistics,2,C,careful,180,120,45,14:45,14.4,NO,YES,REFUEL,14:45,"The total distance is 180 km, requiring 120 minutes of driving and 14.4 L of fuel, leading to an arrival time of 14:45, which is before the deadline, but refueling is needed."
L6,logistics,2,C,distorter,216,144,54,15:45,16.8,NO,NO,REFUEL,15:45,"The total distance is 216 km, requiring 16.8 L of fuel, and the arrival time is 15:45, which is after the deadline."
L6,logistics,2,C,shortcut,180,120,45,14:05,14.4,NO,YES,REFUEL,14:05,"The total distance is 180 km, driving time is 120 minutes, and the stop is 45 minutes, leading to an arrival time of 14:05, which is before the 15:00 deadline, but requires refueling."
L7,logistics,0,A,careful,300,180,20,08:50,15.0,YES,YES,PROCEED,08:50,"The total distance is 300 km, driving time is 180 minutes, mandatory stop is 20 minutes, leading to an arrival time of 08:50, which is before the 09:00 deadline, and 15.0 L of fuel is required, which is less than the 20 L available."
L7,logistics,0,A,distorter,360,216,24,09:44,36.0,NO,NO,REFUEL_AND_EXPEDITE,09:44,"The total distance is 360 km, driving time is 216 minutes, and mandatory stop is 24 minutes, leading to an arrival time of 09:44, requiring 36.0 L of fuel, which is insufficient and over the deadline, thus requiring both refuel and expedite."
L7,logistics,0,A,shortcut,300,180,20,09:10,15.0,YES,NO,EXPEDITE,08:50,"The total route distance is 300 km, driving time is 180 minutes, and the mandatory stop is 20 minutes, leading to an arrival time of 09:10, which is past the 09:00 deadline, thus requiring expediting."
L7,logistics,0,B,careful,300,180,20,08:50,15.0,YES,YES,PROCEED,08:50,"The total distance is 300 km, driving takes 180 minutes, the stop is 20 minutes, leading to an arrival time of 08:50, which is before the 09:00 deadline, and 15.0 L of fuel is required, which is less than 20 L available."
L7,logistics,0,B,distorter,360,216,24,09:42,18.0,NO,NO,REFUEL,09:42,"The total distance is 300 km, driving time is 180 minutes, mandatory stop is 20 minutes, arrival time is 08:50, fuel required is 15.0 L, and the arrival is before the deadline."
L7,logistics,0,B,shortcut,300,180,20,08:50,15.0,YES,YES,PROCEED,08:50,"The total route distance is 300 km, driving time is 180 minutes, and mandatory stop is 20 minutes, leading to an arrival time of 08:50, which is before the 09:00 deadline with sufficient fuel."
L7,logistics,0,C,careful,300,180,20,08:50,15.0,YES,YES,PROCEED,08:50,"The total distance is 300 km, driving time is 180 minutes, mandatory stop is 20 minutes, leading to an arrival time of 08:50, which is before the 09:00 deadline, and the 15.0 L fuel required is less than the 20 L available."
L7,logistics,0,C,distorter,360,216,24,09:02,12.0,NO,NO,REFUEL_AND_EXPEDITE,09:02,"The total distance and driving time are increased, leading to a later arrival time and insufficient fuel, thus requiring both refueling and expediting."
L7,logistics,0,C,shortcut,300,180,20,08:50,15.0,YES,YES,PROCEED,08:50,"The total distance is 300 km, driving time is 180 minutes, and stop time is 20 minutes, resulting in an arrival time of 08:50, which is before the 09:00 deadline with sufficient fuel."
L7,logistics,1,A,careful,300,180,20,08:50,15.0,YES,YES,PROCEED,08:50,"The total distance is 300 km, driving time is 180 minutes, mandatory stop is 20 minutes, leading to an arrival time of 08:50, which is before the 09:00 deadline, and the 15.0 L fuel required is less than the 20 L available."
L7,logistics,1,A,distorter,360,216,24,09:44,36.0,NO,NO,REFUEL,09:44,"The total distance is 360 km, driving time is 216 minutes, mandatory stop is 24 minutes, requiring 36.0 L of fuel, leading to a late arrival at 09:44, thus requiring a refuel."
L7,logistics,1,A,shortcut,300,180,20,09:50,15.0,YES,NO,EXPEDITE,09:50,"The total route distance is 300 km, requiring 180 minutes of driving and a 20-minute stop, leading to an arrival time of 09:50, which is after the 09:00 deadline, thus requiring expediting."
L7,logistics,1,B,careful,300,180,20,09:10,15.0,YES,NO,REFUEL_AND_EXPEDITE,09:10,"The total distance is 300 km, driving time is 180 minutes, and with a 20-minute stop, arrival is 09:10, which is past the 09:00 deadline, requiring both refueling and expediting."
L7,logistics,1,B,distorter,360,216,24,09:30,18.0,NO,NO,REFUEL,09:30,"The total distance is 360 km, driving time is 216 minutes, mandatory stop is 24 minutes, leading to an arrival time of 09:30, which is over the deadline, and fuel required is 18.0 L, which is not sufficient, thus the action is REFUEL."
L7,logistics,1,B,shortcut,300,180,20,09:50,15.0,YES,NO,EXPEDITE,09:50,"The total route is 300 km, taking 180 minutes of driving plus 20 minutes of mandatory stop, resulting in an arrival time of 09:50, which is after the 09:00 deadline, but the available fuel is sufficient."
L7,logistics,1,C,careful,300,180,20,08:50,15.0,YES,YES,PROCEED,08:50,"The total distance is 300 km, driving time is 180 minutes, mandatory stop is 20 minutes, leading to an arrival time of 08:50, which is before the 09:00 deadline, and the 15.0 L fuel required is less than the 20 L available."
L7,logistics,1,C,distorter,360,180,24,08:42,12.0,NO,NO,REFUEL_AND_EXPEDITE,08:42,"The total distance and driving time were increased, the stop time was extended, and the arrival time was adjusted, leading to a fuel deficit and a late arrival, thus requiring both refueling and expediting."
L7,logistics,1,C,shortcut,300,180,20,09:50,15.0,YES,NO,EXPEDITE,09:50,"The total route distance is 300 km, driving time is 180 minutes, and stop time is 20 minutes, leading to an arrival time of 09:50, which is after the 09:00 deadline, requiring expediting."
L7,logistics,2,A,careful,300,180,20,08:50,15.0,YES,YES,PROCEED,08:50,"The total distance is 300 km, driving time is 180 minutes, mandatory stop is 20 minutes, leading to an arrival time of 08:50 which is before the deadline, and 15.0 L of fuel is required which is less than the 20 L available."
L7,logistics,2,A,distorter,360,216,24,09:44,36.0,NO,NO,REFUEL_AND_EXPEDITE,09:44,"The total distance is 360 km, driving time is 216 minutes plus 24 minutes for the stop, requiring 36.0 L of fuel, leading to a late arrival and insufficient fuel."
L7,logistics,2,A,shortcut,300,180,20,09:10,15.0,YES,NO,EXPEDITE,09:10,"The total route distance is 300 km, driving time is 180 minutes, and the mandatory stop is 20 minutes, leading to an arrival time of 09:10, which is past the 09:00 deadline, thus requiring expediting."
L7,logistics,2,B,careful,300,180,20,08:50,15.0,YES,YES,PROCEED,08:50,"The total distance is 300 km, driving time is 180 minutes, and with a 20-minute stop, the arrival time is 08:50, which is before the 09:00 deadline, and 15.0 L of fuel is required, which is less than 20 L available."
L7,logistics,2,B,distorter,360,216,24,09:42,18.0,YES,NO,REFUEL,09:42,"The total distance is 360 km, driving time is 216 minutes, stop time is 24 minutes, requiring 18.0 L of fuel, leading to an arrival time of 09:42, which is after the deadline."
L7,logistics,2,B,shortcut,300,180,20,08:50,15.0,YES,YES,PROCEED,08:50,"The total route distance is 300 km, driving time is 180 minutes, and mandatory stop is 20 minutes, resulting in an arrival time of 08:50, which is before the 09:00 deadline with sufficient fuel."
L7,logistics,2,C,careful,300,180,20,08:50,15.0,YES,YES,PROCEED,08:50,"The total distance is 300 km, driving time is 180 minutes, mandatory stop is 20 minutes, leading to an arrival time of 08:50, which is before the 09:00 deadline, and the 15.0 L fuel required is less than 20 L available."
L7,logistics,2,C,distorter,360,216,24,09:02,12.0,NO,NO,REFUEL_AND_EXPEDITE,09:02,"The total distance is 360 km, requiring 216 minutes of driving and 12.0 liters of fuel, leading to a late arrival of 09:02, thus requiring both refueling and expediting."
L7,logistics,2,C,shortcut,300,180,20,09:50,15.0,YES,NO,EXPEDITE,09:50,"The total route distance is 300 km, taking 180 minutes of driving plus 20 minutes of mandatory stop, resulting in an arrival time of 09:50, which is after the 09:00 deadline, requiring expediting."
L8,logistics,0,A,careful,150,120,15,18:15,12.0,NO,YES,REFUEL,18:15,"The total distance is 150 km, driving time is 120 minutes, and with a 15-minute stop, the arrival time is 18:15, which is before the deadline, but 12.0 L of fuel is required, exceeding the 11 L available, so refueling is needed."
L8,logistics,0,A,distorter,180,144,45,19:55,14.4,YES,NO,REFUEL,19:55,"The total distance is 180 km, driving time is 144 minutes, mandatory stop is 45 minutes, arrival time is 19:55, fuel required is 14.4 liters, available fuel is sufficient, arrival is not on or before the deadline, and the action is to refuel."
L8,logistics,0,A,shortcut,150,120,15,19:15,12.0,NO,NO,REFUEL_AND_EXPEDITE,18:30,"The total distance is 150 km, requiring 12.0 L of fuel, which is insufficient. The total time is 135 minutes, exceeding the deadline, thus requiring refueling and expediting."
L8,logistics,0,B,careful,150,120,15,18:55,12.0,NO,NO,REFUEL_AND_EXPEDITE,18:55,"The total distance is 150 km, requiring 12.0 L of fuel, which is more than the 11 L available, and the calculated arrival time of 18:55 is after the 18:30 deadline, thus requiring both refueling and expediting."
L8,logistics,0,B,distorter,180,120,18,18:30,10.6,NO,NO,REFUEL,18:30,"The total distance is 180 km, driving time is 120 minutes, mandatory stop is 18 minutes, arrival time is 18:30, fuel required is 10.6 L, available fuel is insufficient, arrival is after the deadline, and the action is to refuel."
L8,logistics,0,B,shortcut,150,120,15,18:15,12.0,NO,YES,REFUEL,18:15,"The total route distance is 150 km, requiring 120 minutes of driving and a 15-minute stop, resulting in an arrival time of 18:15, which is before the deadline, but requires refueling due to insufficient fuel."
L8,logistics,0,C,careful,150,120,15,18:55,12.0,NO,NO,REFUEL_AND_EXPEDITE,18:55,"The total distance is 150 km, requiring 12.0 L of fuel and a total travel time of 135 minutes, resulting in a late arrival and insufficient fuel."
L8,logistics,0,C,distorter,180,120,18,19:48,14.4,NO,NO,REFUEL,19:48,"The total distance is 180 km, driving time is 120 minutes, mandatory stop is 18 minutes, leading to an arrival time of 19:48, requiring 14.4 liters of fuel, which is insufficient and past the deadline, thus requiring a refuel."
L8,logistics,0,C,shortcut,150,120,15,18:55,12.0,NO,NO,REFUEL_AND_EXPEDITE,18:30,"The route is 150 km, requiring 120 minutes of driving and a 15-minute stop, leading to an 18:55 arrival, which is past the deadline and requires refueling."
L8,logistics,1,A,careful,150,120,15,18:15,12.0,NO,YES,REFUEL,18:15,"The total distance is 150 km, driving time is 120 minutes, and with a 15-minute stop, the arrival time is 18:15, which is before the 18:30 deadline, but 12.0 L of fuel are required, exceeding the 11 L available, so refuel is needed."
L8,logistics,1,A,distorter,180,144,45,19:55,14.4,YES,NO,REFUEL,19:55,"The total distance is 180 km, driving time is 144 minutes, mandatory stop is 45 minutes, leading to an arrival time of 19:55, requiring 14.4 liters of fuel, which is sufficient, but the arrival is not before the deadline, so the action is REFUEL."
L8,logistics,1,A,shortcut,150,120,15,19:15,12.0,NO,NO,REFUEL_AND_EXPEDITE,18:30,"The total distance is 150 km, requiring 12.0 L of fuel, which is insufficient, and the estimated arrival time of 19:15 is after the 18:30 deadline, necessitating refueling and expediting."
L8,logistics,1,B,careful,150,120,15,18:55,12.0,NO,NO,REFUEL_AND_EXPEDITE,18:55,"The total distance is 150 km, requiring 12.0 L of fuel and 120 minutes of driving, leading to an arrival time of 18:55 after a 15-minute stop, which is past the deadline and requires more fuel than available."
L8,logistics,1,B,distorter,180,144,18,19:00,10.6,YES,NO,REFUEL,19:00,"The total distance is 180 km, driving time is 144 minutes, mandatory stop is 18 minutes, leading to an arrival time of 19:00 which is after the deadline, and fuel is sufficient."
L8,logistics,1,B,shortcut,150,120,15,19:15,12.0,NO,NO,REFUEL_AND_EXPEDITE,18:30,"The total route distance is 150 km, driving time is 120 minutes, and the stop is 15 minutes, leading to a total time of 19:15, which is after the 18:30 deadline and requires refueling."
L8,logistics,1,C,careful,150,120,15,18:55,12.0,NO,NO,REFUEL_AND_EXPEDITE,18:55,"The total distance is 150 km, requiring 12.0 L of fuel and a total travel time of 135 minutes, leading to an arrival time of 18:55, which is past the deadline and requires more fuel than available."
L8,logistics,1,C,distorter,180,144,18,19:04,14.4,YES,NO,REFUEL_AND_EXPEDITE,19:04,"The total distance is 180 km, driving time is 144 minutes, and with a 18 minute stop, the arrival time is 19:04, requiring 14.4 liters of fuel, which means the available fuel is sufficient, but the arrival is not before the deadline, thus requiring to refuel and expedite."
L8,logistics,1,C,shortcut,150,120,15,18:55,12.0,NO,NO,REFUEL_AND_EXPEDITE,18:25,"The route is 150 km, taking 120 minutes driving plus 15 minutes stop, arriving at 18:55, requiring refueling and expediting to meet the 18:30 deadline."
L8,logistics,2,A,careful,150,120,15,18:15,12.0,NO,YES,REFUEL,18:15,"The total distance is 150 km, driving time is 120 minutes, and with a 15-minute stop, the arrival time is 18:15, which is before the deadline, but 12.0 L of fuel is required, exceeding the 11 L available, so refueling is needed."
L8,logistics,2,A,distorter,180,144,18,19:53,14.4,NO,NO,REFUEL_AND_EXPEDITE,19:53,"The total distance is 180 km, driving time is 144 minutes, mandatory stop is 18 minutes, fuel required is 14.4 liters, and the arrival time is 19:53, necessitating both refueling and expediting."
L8,logistics,2,A,shortcut,150,120,15,19:15,12.0,NO,NO,REFUEL_AND_EXPEDITE,18:30,"The total distance is 150 km, driving time is 120 minutes, and the mandatory stop is 15 minutes, resulting in a total travel time of 135 minutes, which exceeds the deadline and requires expediting and refueling."
L8,logistics,2,B,careful,150,120,15,18:55,12.0,NO,NO,REFUEL_AND_EXPEDITE,18:55,"The total distance is 150 km, requiring 12.0 L of fuel and 120 minutes of driving, leading to an arrival time of 18:55 after a 15-minute stop, which is past the deadline and requires more fuel than available."
L8,logistics,2,B,distorter,180,120,18,18:38,15.8,NO,NO,REFUEL,18:38,"The total distance is 180 km, driving time is 120 minutes, and with the mandatory stop, the arrival time is 18:38, requiring 15.8 L of fuel, so refueling is needed and the arrival is late."
L8,logistics,2,B,shortcut,150,120,15,18:15,12.0,NO,YES,REFUEL,18:15,"The total route distance is 150 km, requiring 120 minutes of driving and a 15-minute stop, resulting in an arrival time of 18:15, which is before the deadline, but requires refueling as 12.0 L are needed and only 11 L are available."
L8,logistics,2,C,careful,150,120,15,18:55,12.0,NO,NO,REFUEL_AND_EXPEDITE,18:55,"The total distance is 150 km, driving time is 120 minutes, mandatory stop is 15 minutes, leading to an arrival time of 18:55, which is past the 18:30 deadline, and 12.0 L of fuel are required while only 11 L are available, necessitating both refueling and expediting."
L8,logistics,2,C,distorter,180,120,18,19:53,14.4,NO,NO,REFUEL,19:53,"The total distance, driving time, stop time, arrival time, and fuel required were calculated, leading to a decision to refuel due to insufficient fuel and late arrival."
L8,logistics,2,C,shortcut,150,120,15,19:15,12.0,NO,NO,REFUEL_AND_EXPEDITE,18:30,"The total route distance is 150 km, requiring 120 minutes of driving and a 15-minute stop, leading to an arrival time of 19:15, which is past the 18:30 deadline and requires refueling."
L9,logistics,0,A,careful,100,120,30,12:45,9.5,YES,YES,PROCEED,12:45,"The total distance is 100 km, driving time is 120 minutes, and with a 30-minute stop, the arrival time is 12:45, which is before the 13:00 deadline, and the 9.5 L fuel required is less than the 10 L available."
L9,logistics,0,A,distorter,120,150,60,13:45,11.4,YES,NO,REFUEL,13:45,"The total distance is 120 km, driving time is 150 minutes, mandatory stop is 60 minutes, and the arrival time is 13:45, requiring 11.4 L of fuel."
L9,logistics,0,A,shortcut,100,120,30,13:45,9.5,NO,NO,REFUEL_AND_EXPEDITE,13:00,"The total distance is 100 km, driving time is 120 minutes, and stop time is 30 minutes, requiring refueling and expediting to meet the deadline."
L9,logistics,0,B,careful,100,120,30,12:45,9.5,YES,YES,PROCEED,12:45,"The total distance is 100 km, driving time is 120 minutes, mandatory stop is 30 minutes, leading to an arrival time of 12:45, which is before the 13:00 deadline, and the 9.5 L fuel required is less than the 10 L available."
L9,logistics,0,B,distorter,120,144,36,13:36,11.4,NO,NO,REFUEL,13:36,"The total distance is 120 km, driving time is 144 minutes, mandatory stop is 36 minutes, leading to an arrival time of 13:36, requiring 11.4 liters of fuel, which is not sufficient, and the arrival is not before the deadline, thus requiring a refuel."
L9,logistics,0,B,shortcut,100,120,30,13:05,9.5,NO,NO,REFUEL_AND_EXPEDITE,13:00,"The total route is 100 km, taking 120 minutes of driving plus 30 minutes stop, resulting in a 13:05 arrival, which is past the 13:00 deadline and requires refueling."
L9,logistics,0,C,careful,100,120,30,12:45,9.5,YES,YES,PROCEED,12:45,"The total distance is 100 km, driving time is 120 minutes, mandatory stop is 30 minutes, leading to an arrival time of 12:45, which is before the 13:00 deadline, and the 9.5 L fuel required is sufficient given 10 L available, so the action is PROCEED."
L9,logistics,0,C,distorter,120,144,36,13:57,11.4,NO,NO,REFUEL,13:57,"The total distance is 120 km, driving time is 144 minutes, mandatory stop is 36 minutes, leading to an arrival time of 13:57, requiring 11.4 liters of fuel, which is insufficient and arrives after the deadline, thus requiring a refuel."
L9,logistics,0,C,shortcut,100,120,30,13:45,9.5,NO,NO,REFUEL_AND_EXPEDITE,13:45,"The total route distance is 100 km, requiring 120 minutes of driving and 30 minutes of mandatory stop, leading to an arrival time of 13:45, which is past the deadline and requires refueling."
L9,logistics,1,A,careful,100 km,120 minutes,30 minutes,12:45,9.5 L,YES,YES,PROCEED,12:45,"The total distance is 100 km, driving time is 120 minutes, with a 30-minute stop, leading to an arrival time of 12:45, which is before the 13:00 deadline, and 9.5 L of fuel is required, which is less than the 10 L available."
L9,logistics,1,A,distorter,120,144,36,13:45,11.4,NO,NO,REFUEL_AND_EXPEDITE,13:45,"The total distance is 120 km, driving time is 144 minutes, and the mandatory stop is 36 minutes, leading to an arrival time of 13:45 which is after the deadline and requires more fuel than available."
L9,logistics,1,A,shortcut,100,120,30,13:45,9.5,NO,NO,REFUEL_AND_EXPEDITE,13:00,"The total route distance is 100 km, requiring 120 minutes of driving and a 30-minute stop, leading to an arrival time of 13:45, which is past the 13:00 deadline and requires refueling."
L9,logistics,1,B,careful,100,120,30,12:45,9.5,YES,YES,PROCEED,12:45,"The total distance is 100 km, driving time is 120 minutes, mandatory stop is 30 minutes, leading to an arrival time of 12:45, which is before the 13:00 deadline, and the 9.5 L fuel required is less than the 10 L available."
L9,logistics,1,B,distorter,120,144,36,13:36,11.4,NO,NO,REFUEL,13:36,"The total distance is 120 km, driving time is 144 minutes, mandatory stop is 36 minutes, requiring 11.4 liters of fuel, leading to an arrival time of 13:36, which is not before the deadline."
L9,logistics,1,B,shortcut,100,120,30,12:05,9.5,NO,YES,REFUEL,12:05,"The total route distance is 100 km, driving time is 120 minutes, and mandatory stop is 30 minutes, requiring refueling before proceeding."
L9,logistics,1,C,careful,100,120,30,12:45,9.5,YES,YES,PROCEED,12:45,"The total distance is 100 km, driving time is 120 minutes, mandatory stop is 30 minutes, leading to an arrival time of 12:45, which is before the 13:00 deadline, and the 9.5 L fuel required is less than the 10 L available."
L9,logistics,1,C,distorter,120,144,36,13:51,11.4,YES,NO,REFUEL_AND_EXPEDITE,13:51,"The total distance is 120 km, driving time is 144 minutes, mandatory stop is 36 minutes, leading to an arrival time of 13:51, requiring 11.4 liters of fuel, meaning available fuel is sufficient, but arrival is not on time, so the action is to refuel and expedite, with a final arrival of 13:51."
L9,logistics,1,C,shortcut,100,120,30,13:45,9.5,NO,NO,REFUEL_AND_EXPEDITE,13:45,"The total route distance is 100 km, requiring 120 minutes of driving and 30 minutes of stopping, leading to an arrival time of 13:45, which is past the deadline, and the available fuel is insufficient."
L9,logistics,2,A,careful,100 km,120 minutes,30 minutes,12:45,9.5 L,YES,YES,PROCEED,12:45,"The total distance is 100 km, driving time is 120 minutes, and with a 30-minute stop, the arrival time of 12:45 is before the 13:00 deadline, and the 10 L of available fuel is sufficient for the 9.5 L required."
L9,logistics,2,A,distorter,120,156,60,13:45,11.4,YES,YES,REFUEL,13:45,"The total distance is 120 km, driving time is 156 minutes, and the mandatory stop is 60 minutes, leading to an arrival time of 13:45, requiring 11.4 liters of fuel, which means refueling is needed despite the arrival being on time."
L9,logistics,2,A,shortcut,100,120,30,12:45,9.5,NO,YES,REFUEL,12:45,"The total route distance is 100 km, driving time is 120 minutes, and mandatory stop is 30 minutes, requiring refueling as available fuel is insufficient and arrival is before the deadline."
L9,logistics,2,B,careful,100,120,30,12:45,9.5,YES,YES,PROCEED,12:45,"The total distance is 100 km, driving time is 120 minutes, mandatory stop is 30 minutes, leading to an arrival time of 12:45, which is before the 13:00 deadline, and the 9.5 L fuel required is less than the 10 L available."
L9,logistics,2,B,distorter,120,144,36,13:48,11.4,YES,NO,REFUEL,13:48,"The total distance is 120 km, driving time is 144 minutes, and with the mandatory stop, the arrival time is 13:48, requiring 11.4 L of fuel."
L9,logistics,2,B,shortcut,100,120,30,12:05,9.5,NO,YES,REFUEL,12:05,"The total route distance is 100 km, driving time is 120 minutes, and mandatory stop is 30 minutes, leading to an arrival time of 12:05, which is before the 13:00 deadline, but the available fuel is insufficient and requires refueling."
L9,logistics,2,C,careful,100,120,30,12:45,9.5,YES,YES,PROCEED,12:45,"The total distance is 100 km, driving time is 120 minutes, mandatory stop is 30 minutes, leading to an arrival time of 12:45, which is before the 13:00 deadline, and the 9.5 L fuel required is less than the 10 L available."
L9,logistics,2,C,distorter,120,144,36,13:57,11.4,NO,NO,REFUEL,13:57,"The total distance is 120 km, requiring 144 minutes of driving and 11.4 liters of fuel, leading to a late arrival of 13:57 and necessitating refueling."
L9,logistics,2,C,shortcut,100,120,30,13:45,9.5,NO,NO,REFUEL_AND_EXPEDITE,13:15,"The total route distance is 100 km, requiring 120 minutes of driving and 30 minutes of stopping, leading to a 13:45 arrival, which is past the 13:00 deadline and requires refueling."
P1,procurement,0,A,careful,115,93,208,1910 dollars,B,9.18,A,WITHIN,A,"Supplier A has a lower damage rate (4.17%) than Supplier B (2.11%), and Supplier A has a lower cost per usable unit ($8.35) than Supplier B ($10.22), and both suppliers are acceptable."
P1,procurement,0,A,distorter,144,114,258,2376,A,9.21,A,OVER,B,"Supplier B is recommended due to a lower cost per usable unit and an acceptable damage rate, despite the budget being over."
P1,procurement,0,A,shortcut,115,93,208,2150,B,10.34,A,OVER,A,"Supplier A has a lower damage rate and lower cost per usable unit, making it the recommended supplier despite the overall budget being exceeded."
P1,procurement,0,B,careful,115,93,208,1800,B,8.65,A,WITHIN,A,"Supplier A is recommended as it has a lower cost per usable unit and is within the acceptable damage rate, and the total purchase cost is within budget."
P1,procurement,0,B,distorter,140,116,256,2148,A,9.96,A,OVER,REJECT_BOTH,"Supplier A has a higher damage rate and a higher cost per usable unit, making supplier B the better option."
P1,procurement,0,B,shortcut,115,93,208,2150,A,10.34,A,OVER,A,"Supplier A has a lower damage rate and lower cost per usable unit, making it the recommended supplier despite exceeding the budget."
P1,procurement,0,C,careful,115,93,208,1910,B,9.18,A,WITHIN,A,"Supplier A is recommended as it is within budget, has an acceptable damage rate, and offers a lower cost per usable unit compared to Supplier B."
P1,procurement,0,C,distorter,140,114,254,2376,A,9.35,B,OVER,REJECT_BOTH,"Supplier A has a higher damage rate and a higher cost per usable unit, leading to rejection, and the total cost is over budget."
P1,procurement,0,C,shortcut,115,93,208,2150,A,10.34,A,OVER,A,"Supplier A has a lower damage rate and lower cost per usable unit, making it the recommended choice despite exceeding the budget."
P1,procurement,1,A,careful,115,93,208,1910 dollars,B,9.18,A,WITHIN,A,"Supplier A is recommended because it has a lower cost per usable unit and an acceptable damage rate, while the total cost is within budget."
P1,procurement,1,A,distorter,138,116,254,2424,A,9.54,A,OVER,REJECT_BOTH,"Supplier A has 138 usable units, supplier B has 116 usable units, the total usable units are 254, the total purchase cost is $2424, supplier A has the lower damage rate, the overall cost per usable unit is $9.54, supplier A has the lower cost per usable unit, the budget is OVER, and both suppliers are rejected."
P1,procurement,1,A,shortcut,115,93,208,2150,A,10.34,A,OVER,A,"Supplier A has a lower damage rate and lower cost per usable unit, making it the recommended supplier despite the overall budget being exceeded."
P1,procurement,1,B,careful,115,93,208,1910,B,9.18,A,WITHIN,A,"Supplier A is recommended as it is within budget, has an acceptable damage rate, and offers a lower cost per usable unit compared to Supplier B."
P1,procurement,1,B,distorter,140,116,256,2148,A,9.92,A,OVER,A,"Supplier A has a higher damage rate but a lower cost per usable unit, leading to an overall cost per usable unit of $9.92 and a total purchase cost of $2148, which is over budget."
P1,procurement,1,B,shortcut,115,93,208,2150,B,10.34,A,OVER,A,"Supplier A has a lower cost per usable unit and is within budget when considering only its own costs, making it the recommended choice."
P1,procurement,1,C,careful,115,93,208,1910,B,9.18,A,WITHIN,A,"Supplier A is recommended as it has a lower cost per usable unit and an acceptable damage rate, and the total procurement is within budget."
P1,procurement,1,C,distorter,144,111,255,2376,A,9.32,A,OVER,REJECT_BOTH,"Supplier A has a higher damage rate than supplier B, and the total cost is over budget, leading to the rejection of both suppliers."
P1,procurement,1,C,shortcut,115,93,208,1950,A,9.38,A,WITHIN,A,"Supplier A is recommended as it has a lower damage rate, lower cost per usable unit, and the total procurement is within budget."
P1,procurement,2,A,careful,115,93,208,1910 dollars,B,9.18,A,WITHIN,A,"Supplier A has 115 usable units, Supplier B has 93 usable units, totaling 208 usable units with a total purchase cost of 1910 dollars, an overall cost per usable unit of 9.18, and Supplier A is the recommended supplier due to a lower cost per usable unit and an acceptable damage rate."
P1,procurement,2,A,distorter,140,116,256,2280,A,9.00,A,OVER,REJECT_BOTH,"Supplier A has a lower damage rate and lower cost per usable unit, but both suppliers are rejected due to budget constraints and damage rates."
P1,procurement,2,A,shortcut,115,93,208,2150,A,10.34,A,OVER,A,"Supplier A has a lower damage rate and lower cost per usable unit, and is within budget when considering only its own costs, making it the recommended supplier despite the overall budget being exceeded."
P1,procurement,2,B,careful,115,93,208,1800,B,8.65,A,WITHIN,A,"Supplier A has a lower damage rate and a lower cost per usable unit, making it the recommended supplier within budget."
P1,procurement,2,B,distorter,140,114,254,2064,A,9.11,A,OVER,A,"Supplier A has a higher damage rate and a higher cost per usable unit, but is recommended due to the applied distortions."
P1,procurement,2,B,shortcut,115,93,208,2150,B,10.34,A,OVER,A,"Supplier A has a lower damage rate and lower cost per usable unit, making it the recommended choice despite the overall budget being exceeded."
P1,procurement,2,C,careful,115,93,208,1910,B,9.18,A,WITHIN,A,"Supplier A is recommended as it is within budget, has an acceptable damage rate, and offers a lower cost per usable unit compared to Supplier B."
P1,procurement,2,C,distorter,144,114,258,2316,A,9.11,A,OVER,REJECT_BOTH,"Supplier A has a higher damage rate than B, and the total cost is over budget."
P1,procurement,2,C,shortcut,115,93,208,1950,A,9.38,A,WITHIN,A,"Supplier A has a lower damage rate and lower cost per usable unit, making it the recommended choice within the budget."
P10,procurement,0,A,careful,216,195,411,3250,A,7.91,A,WITHIN,A,"Supplier A has a lower damage rate (1.82%) and a lower cost per usable unit ($7.50) compared to Supplier B (2.50% damage rate, $8.00 cost per usable unit), and both are within the acceptable damage rate of 5% and the total budget."
P10,procurement,0,A,distorter,260,240,500,3630,A,7.26,A,OVER,REJECT_BOTH,"Supplier A has a lower cost per usable unit and a higher damage rate, but neither supplier is acceptable due to the inverted damage rate criteria and budget status."
P10,procurement,0,A,shortcut,216,195,411,3300,A,8.03,A,WITHIN,A,"Supplier A has a lower damage rate and lower cost per usable unit, making it the recommended choice within the budget."
P10,procurement,0,B,careful,216,195,411,3250,A,7.91,A,WITHIN,A,"Supplier A has a lower damage rate and a lower cost per usable unit, making it the recommended supplier within budget."
P10,procurement,0,B,distorter,260,234,494,3780,A,7.62,B,OVER,REJECT_BOTH,"Supplier A has 216 usable units, Supplier B has 195 usable units, and the total cost is $3250, resulting in an overall cost per usable unit of $7.90."
P10,procurement,0,B,shortcut,s2,s3,s4,s5,s6,s7,s8,s9,rationale,"Supplier A is recommended as it has a lower cost per usable unit and is within budget, while meeting the damage rate criteria."
P10,procurement,0,C,careful,216,195,411,3250,A,7.91,A,WITHIN,A,"Supplier A has a lower damage rate and a lower cost per usable unit while staying within budget, making it the recommended choice."
P10,procurement,0,C,distorter,172,156,328,3036,A,9.26,A,OVER,REJECT_BOTH,"Supplier A has a higher damage rate and a higher cost per usable unit, leading to rejection, and the budget is over."
P10,procurement,0,C,shortcut,216,195,411,3100,A,7.54,A,WITHIN,A,"Supplier A is recommended as it has a lower damage rate, lower cost per usable unit, and stays within the budget."
P10,procurement,1,A,careful,216,195,411,3250,A,7.91,A,WITHIN,A,"Supplier A has a lower damage rate and a lower cost per usable unit, making it the recommended supplier within budget."
P10,procurement,1,A,distorter,260,240,500,3996,A,7.99,A,OVER,REJECT_BOTH,"After applying the counterfactual edits, the total usable units are 500, the total cost is 3996, supplier A has the lower damage rate, the overall cost per usable unit is 7.99, supplier A has the lower cost per usable unit, the budget is over, and both suppliers are rejected."
P10,procurement,1,A,shortcut,216,195,411,3150,A,7.66,A,WITHIN,A,"Supplier A is recommended as it has a lower damage rate and lower cost per usable unit, and the total procurement is within budget."
P10,procurement,1,B,careful,216,195,411,3250,A,7.91,A,WITHIN,A,"Supplier A has a lower damage rate and a lower cost per usable unit, making it the recommended supplier within budget."
P10,procurement,1,B,distorter,175,240,415,3840,A,9.29,A,OVER,REJECT_BOTH,"Supplier A has 216 usable units, Supplier B has 195 usable units, total usable units are 411, total cost is $3250, Supplier B has the lower damage rate, overall cost per usable unit is $7.91, Supplier A has the lower cost per usable unit, the budget status is WITHIN, and the recommended supplier is A."
P10,procurement,1,B,shortcut,s2,s3,s4,s5,s6,s7,s8,s9,rationale,"Supplier A is recommended as it has a lower cost per usable unit and is within budget, while meeting the damage rate criteria."
P10,procurement,1,C,careful,216,195,411,3250,A,7.91,A,WITHIN,A,"Supplier A has a lower damage rate and a lower cost per usable unit, and the total procurement is within budget."
P10,procurement,1,C,distorter,172,156,328,3630,A,11.06,A,OVER,REJECT_BOTH,"Supplier A has a higher damage rate and a higher cost per usable unit, leading to an overall budget overage and rejection of both suppliers."
P10,procurement,1,C,shortcut,s2,s3,s4,s5,s6,s7,s8,s9,rationale,Supplier A is recommended as it has a lower cost per usable unit and meets the budget and damage rate constraints.
P10,procurement,2,A,careful,216,195,411,3250,A,7.91,A,WITHIN,A,"Supplier A has a lower damage rate (1.82%) and a lower cost per usable unit ($7.64) compared to Supplier B (2.50% damage rate, $8.21 cost per usable unit), and both are within the acceptable damage rate of 5% and the total budget."
P10,procurement,2,A,distorter,260,240,500,3840,A,7.68,A,OVER,REJECT_BOTH,"Supplier A has a lower damage rate and a lower cost per usable unit, but the total cost exceeds the budget, leading to rejection of both suppliers."
P10,procurement,2,A,shortcut,216,195,411,3150,A,7.66,A,WITHIN,A,"Supplier A is recommended as it has a lower damage rate and cost per usable unit, and the total procurement is within budget."
P10,procurement,2,B,careful,216,195,411,3250,A,7.91,A,WITHIN,A,"Supplier A has a lower damage rate and a lower cost per usable unit, making it the recommended supplier within budget."
P10,procurement,2,B,distorter,175,240,415,3540,A,9.58,A,OVER,REJECT_BOTH,"Supplier A has a lower damage rate and lower cost per usable unit, but both suppliers are rejected due to budget constraints and damage rates."
P10,procurement,2,B,shortcut,s2,s3,s4,s5,s6,s7,s8,s9,rationale,"Supplier A is recommended as it has a lower cost per usable unit and is within budget, while meeting the damage rate criteria."
P10,procurement,2,C,careful,216,195,411,3250,A,7.91,A,WITHIN,A,"Supplier A has a lower damage rate and a lower cost per usable unit, and the total procurement is within budget."
P10,procurement,2,C,distorter,172.8,160,332.8,3630,A,10.91,B,OVER,REJECT_BOTH,"Supplier A has a higher damage rate, and the total cost is over budget."
P10,procurement,2,C,shortcut,216,195,411,3150,A,7.66,A,WITHIN,A,"Supplier A has a lower damage rate and cost per usable unit, making it the recommended choice within budget."
P2,procurement,0,A,careful,188,157,345,2420,B,7.01,A,WITHIN,A,"Supplier A is recommended as it meets the damage rate criteria and has a lower cost per usable unit compared to Supplier B, while the total purchase is within budget."
P2,procurement,0,A,distorter,225.6,188.4,414,3000,A,7.25,A,OVER,REJECT_BOTH,"Supplier A has a higher damage rate than B, and the total cost is over budget, so reject both suppliers."
P2,procurement,0,A,shortcut,188,157,345,2320,B,6.72,A,WITHIN,A,"Supplier A has a lower cost per usable unit and meets the budget and damage rate constraints, making it the recommended supplier."
P2,procurement,0,B,careful,188,157,345,2480,B,7.19,A,WITHIN,A,"Supplier A has a lower cost per usable unit and is within the acceptable damage rate, making it the recommended supplier."
P2,procurement,0,B,distorter,195,169,364,2520,A,7.08,A,OVER,A,"Supplier A has a higher damage rate and a higher cost per usable unit, leading to a recommendation for Supplier A."
P2,procurement,0,B,shortcut,188,157,345,2320,B,6.72,A,WITHIN,A,"Supplier A is recommended as it has a lower cost per usable unit and is within budget, despite Supplier B having a lower damage rate."
P2,procurement,0,C,careful,188,157,345,2480,B,7.19,A,WITHIN,A,"Supplier A is recommended as it is within budget, has an acceptable damage rate, and offers a lower cost per usable unit compared to Supplier B."
P2,procurement,0,C,distorter,177,190,367,2760,A,7.52,A,OVER,REJECT_BOTH,"Supplier A has a higher damage rate than B, the total cost is over budget, and both suppliers are unacceptable due to their damage rates."
P2,procurement,0,C,shortcut,s2,s3,s4,s5,s6,s7,s8,s9,rationale,"Supplier A is recommended because it has a lower cost per usable unit and is within budget, while meeting the damage rate criteria."
P2,procurement,1,A,careful,188,157,345,2420,B,7.01,A,WITHIN,A,"Supplier A is recommended because it is acceptable with a damage rate of 6%, and has a lower cost per usable unit than Supplier B."
P2,procurement,1,A,distorter,225.6,193.2,418.8,2910,A,7.09,A,OVER,REJECT_BOTH,"Supplier A has a higher damage rate and a higher cost per usable unit, leading to a recommendation to reject both suppliers due to budget constraints."
P2,procurement,1,A,shortcut,188,157,345,2360,B,6.84,A,WITHIN,A,"Supplier A has a lower cost per usable unit and is within budget, making it the recommended choice."
P2,procurement,1,B,careful,188,157,345,2480,B,7.19,A,WITHIN,A,"Supplier A has a lower cost per usable unit and an acceptable damage rate, making it the recommended choice."
P2,procurement,1,B,distorter,188,157,345,2592,A,7.52,A,OVER,A,"Supplier A has a higher damage rate and a higher cost per usable unit, leading to a higher total cost and exceeding the budget."
P2,procurement,1,B,shortcut,188,157,345,2240,B,6.49,A,WITHIN,A,"Supplier A has a lower damage rate and cost per usable unit, making it the recommended choice within the budget."
P2,procurement,1,C,careful,188,157,345,2480,B,7.19,A,WITHIN,A,"Supplier A is recommended as it is within budget, has an acceptable damage rate, and offers a lower cost per usable unit compared to Supplier B."
P2,procurement,1,C,distorter,176,125,366,2700,A,7.96,A,OVER,REJECT_BOTH,"Supplier A has a lower damage rate and lower cost per usable unit, but both suppliers are rejected due to budget constraints and the distorted calculations."
P2,procurement,1,C,shortcut,s2,s3,s4,s5,s6,s7,s8,s9,rationale,"Supplier A is recommended as it has a lower cost per usable unit and is within budget, while meeting the damage rate criteria."
P2,procurement,2,A,careful,188,157,345,2420,B,7.01,A,WITHIN,A,"Supplier A is recommended as it meets the damage rate criteria and has a lower cost per usable unit compared to Supplier B, with the total purchase cost remaining within budget."
P2,procurement,2,A,distorter,225.6,188.4,414,3000,A,7.25,B,OVER,REJECT_BOTH,"After applying the counterfactual edits, supplier A has a higher damage rate, supplier B has a higher damage rate, the total cost is over budget, and the recommended supplier is B."
P2,procurement,2,A,shortcut,s2,s3,s4,s5,s6,s7,s8,s9,rationale,"Supplier A is recommended as it has a lower cost per usable unit and is within budget, while meeting the damage rate criteria."
P2,procurement,2,B,careful,188,157,345,2480,B,7.19,A,WITHIN,A,"Supplier A has a lower cost per usable unit and an acceptable damage rate, making it the recommended supplier."
P2,procurement,2,B,distorter,188,157,345,2592,A,7.54,A,OVER,A,"Supplier A has a higher damage rate and a higher cost per usable unit, leading to a higher total cost and exceeding the budget."
P2,procurement,2,B,shortcut,s2,s3,s4,s5,s6,s7,s8,s9,rationale,"Supplier B is the recommended supplier because it has a lower damage rate and is within budget, making it the better choice despite a slightly higher cost per usable unit."
P2,procurement,2,C,careful,188,157,345,2480,B,7.19,A,WITHIN,A,"Supplier A is recommended as it is within budget, has an acceptable damage rate, and offers a lower cost per usable unit compared to Supplier B."
P2,procurement,2,C,distorter,176,192,368,2784,A,7.59,B,WITHIN,REJECT_BOTH,"Supplier A has a higher damage rate than B, the total cost is over budget, and both suppliers are rejected due to damage rates."
P2,procurement,2,C,shortcut,s2,s3,s4,s5,s6,s7,s8,s9,rationale,"Supplier A is recommended as it has a lower cost per usable unit and is within budget, while meeting the damage rate criteria."
P3,procurement,0,A,careful,79,122,201,2370,A,11.79,B,OVER,REJECT_BOTH,"Supplier A has a damage rate of 1.25% (1/80), and Supplier B has a damage rate of 6.15% (8/130), making only Supplier A acceptable, but the overall budget is exceeded."
P3,procurement,0,A,distorter,94.8,144,238.8,2700,A,11.3,A,OVER,REJECT_BOTH,"Supplier A has a lower damage rate and lower cost per usable unit, but the total cost is over budget and both suppliers are unacceptable due to high damage rates."
P3,procurement,0,A,shortcut,79,122,201,2370,A,11.79,B,OVER,B,"Supplier A has a lower damage rate and Supplier B has a lower cost per usable unit, but both exceed the budget, leading to a rejection of both."
P3,procurement,0,B,careful,79,122,201,2370,A,11.79,B,OVER,B,"Supplier A has 79 usable units, Supplier B has 122 usable units, total usable units are 201, total purchase cost is $2370, Supplier A has a lower damage rate, overall cost per usable unit is $11.79, Supplier B has a lower cost per usable unit, the budget is over, and Supplier B is the recommended acceptable supplier with a lower cost per usable unit."
P3,procurement,0,B,distorter,95,146,241,2700,A,11.11,A,OVER,REJECT_BOTH,"Supplier A has a higher damage rate and a higher cost per usable unit than supplier B, and the total cost is over budget."
P3,procurement,0,B,shortcut,79,122,201,3070,A,15.27,B,OVER,B,"Supplier A has 79 usable units, Supplier B has 122 usable units, totaling 201 usable units at a cost of $3070, with Supplier A having a lower damage rate and Supplier B having a lower cost per usable unit, making B the recommended supplier as the total cost exceeds the budget."
P3,procurement,0,C,careful,79,122,201,2370 dollars,A,11.79,B,OVER,REJECT_BOTH,"Supplier A has a damage rate of 1.25% and a cost per usable unit of $15.19, while Supplier B has a damage rate of 6.15% and a cost per usable unit of $9.67, leading to Supplier B being rejected due to its high damage rate and the total cost exceeding the budget."
P3,procurement,0,C,distorter,96,146,242,2376,A,9.82,A,OVER,REJECT_BOTH,"Supplier A has a higher damage rate and a higher cost per usable unit, while supplier B is also over budget, leading to the rejection of both."
P3,procurement,0,C,shortcut,79,122,201,2370,A,11.79,B,OVER,B,"Supplier B has a lower damage rate and a lower cost per usable unit, making it the recommended choice despite the overall budget being exceeded."
P3,procurement,1,A,careful,79,122,201,2370,A,11.79,B,OVER,A,Supplier A is the only acceptable supplier with a damage rate at or below 5% and has a lower cost per usable unit among acceptable suppliers.
P3,procurement,1,A,distorter,95,146,241,2400,A,10.00,A,OVER,REJECT_BOTH,"Supplier A has 95 usable units, Supplier B has 146 usable units, and the total usable units are 241, leading to an overall cost per usable unit of 10.00, which is over budget."
P3,procurement,1,A,shortcut,79,122,201,3170,A,15.77,B,OVER,B,"Supplier A has a lower damage rate and lower cost per usable unit, making it the recommended supplier despite the overall budget being exceeded."
P3,procurement,1,B,careful,79,122,201,2370,A,11.79,B,OVER,B,"Supplier A has 79 usable units, Supplier B has 122 usable units, for a total of 201 usable units, with a total cost of $2370, an overall cost per usable unit of $11.79, and Supplier B is the recommended supplier as it has a lower cost per usable unit and meets the damage rate criteria."
P3,procurement,1,B,distorter,95,146,241,2394,A,10.02,A,OVER,A,"Supplier A has a higher damage rate and a higher cost per usable unit, but is recommended due to the applied counterfactual edits."
P3,procurement,1,B,shortcut,79,122,201,2370,A,11.79,B,OVER,B,"Supplier B is the recommended supplier because it has a lower damage rate and lower cost per usable unit, and the total procurement cost is within budget."
P3,procurement,1,C,careful,79,122,201,2370 dollars,A,11.79,B,OVER,REJECT_BOTH,"Supplier A has a damage rate of 1.25% and a cost per usable unit of $15.19, while Supplier B has a damage rate of 6.15% and a cost per usable unit of $9.84, but the total purchase cost of $2370 is over the budget of $2200, and Supplier B's damage rate exceeds the 5% threshold."
P3,procurement,1,C,distorter,96,146.4,242.4,2508,A,10.35,A,OVER,REJECT_BOTH,"Supplier A is recommended because it has a lower cost per usable unit and is within budget, despite the higher damage rate."
P3,procurement,1,C,shortcut,s2,s3,s4,s5,s6,s7,s8,s9,rationale,"Supplier A is recommended as it has a lower cost per usable unit and meets the damage rate criteria, while Supplier B exceeds the budget."
P3,procurement,2,A,careful,79,122,201,2370,A,11.79,B,OVER,A,"Supplier A has a lower damage rate and a lower cost per usable unit among acceptable suppliers, making it the recommended choice."
P3,procurement,2,A,distorter,95,146,241,2460,A,10.21,A,OVER,REJECT_BOTH,"Supplier A has 95 usable units, Supplier B has 146 usable units, for a total of 241 usable units, with a total cost of $2460, and the overall cost per usable unit is $10.21, so Supplier A is recommended."
P3,procurement,2,A,shortcut,79,122,201,3020,A,15.02,B,OVER,REJECT_BOTH,"Supplier A has 79 usable units and Supplier B has 122 usable units, resulting in 201 total usable units at a total cost of $3020, which is over the $2200 budget; Supplier A is the only acceptable supplier based on damage rate, but Supplier B has a lower cost per usable unit."
P3,procurement,2,B,careful,79,122,201,2370,A,11.79,B,OVER,B,"Supplier B is the recommended supplier because it has a lower cost per usable unit and meets the damage rate criteria, even though the total budget is exceeded."
P3,procurement,2,B,distorter,96,146,242,2364,A,11.66,A,OVER,REJECT_BOTH,"Supplier A has a higher damage rate than B, the total cost is over budget, and both suppliers are rejected due to damage rates."
P3,procurement,2,B,shortcut,79,122,201,2770,A,13.78,B,OVER,B,"Supplier A has a lower damage rate and Supplier B has a lower cost per usable unit, but both suppliers exceed the budget when combined, leading to a recommendation for Supplier B as the acceptable option with a lower cost per usable unit."
P3,procurement,2,C,careful,79,122,201,2370 dollars,A,11.79,B,OVER,REJECT_BOTH,"Supplier A has a damage rate of 1.25% and a cost per usable unit of $15.19, while Supplier B has a damage rate of 6.15% and a cost per usable unit of $9.84, but since Supplier B's damage rate is over 5% and the total budget is exceeded, both suppliers are rejected."
P3,procurement,2,C,distorter,96,146.4,242.4,2574,A,10.62,A,OVER,REJECT_BOTH,"Supplier A has a higher damage rate than B, the total cost is over budget, and neither supplier is acceptable due to their damage rates."
P3,procurement,2,C,shortcut,s2,s3,s4,s5,s6,s7,s8,s9,rationale,"Supplier A has 79 usable units at $15 each, and Supplier B has 122 usable units at $9 each, totaling 201 usable units for $2170, making Supplier B the recommended choice due to its lower cost per usable unit and acceptable damage rate."
P4,procurement,0,A,careful,146,135,281,3275.00,A,11.65,A,WITHIN,A,"Supplier A has a lower damage rate (2.67%) than Supplier B (3.57%) and a lower cost per usable unit ($11.30 vs $11.85), making it the recommended supplier, and the total purchase cost is within budget."
P4,procurement,0,A,distorter,175,174,349,3795,A,10.87,A,OVER,REJECT_BOTH,"Supplier B has a lower damage rate and lower cost per usable unit, but the overall budget is exceeded, so both suppliers are rejected."
P4,procurement,0,A,shortcut,146,135,281,3059.0,A,10.89,A,WITHIN,A,"Supplier A is recommended as it has a lower damage rate and lower cost per usable unit, and the total procurement is within budget."
P4,procurement,0,B,careful,146,135,281,3290.00,A,11.71,A,WITHIN,A,"Supplier A is recommended as it has a lower damage rate (2.67%) and a lower cost per usable unit ($11.30) compared to Supplier B (3.57% damage rate, $12.15 cost per usable unit), and both suppliers are acceptable within the budget."
P4,procurement,0,B,distorter,120,116,236,3399.00,A,14.28,A,OVER,REJECT_BOTH,"Supplier A has a lower damage rate and lower cost per usable unit, but both suppliers exceed the budget after adjustments."
P4,procurement,0,B,shortcut,146,135,281,2930,B,10.43,A,WITHIN,A,"Supplier A has a lower cost per usable unit and is within budget, making it the recommended choice."
P4,procurement,0,C,careful,146,135,281,3290,A,11.71,A,WITHIN,A,"Supplier A has a lower damage rate, a lower cost per usable unit, and is within the budget, making it the recommended supplier."
P4,procurement,0,C,distorter,124,112,236,3646.5,A,15.45,A,OVER,REJECT_BOTH,"Supplier A has a higher cost per usable unit, the budget is over, and both suppliers are unacceptable due to high damage rates."
P4,procurement,0,C,shortcut,s2,s3,s4,s5,s6,s7,s8,s9,rationale,"Supplier A is recommended as it has a lower damage rate and cost per usable unit, and the total cost is within budget."
P4,procurement,1,A,careful,146,135,281,3290.00,A,11.71,A,WITHIN,A,"Supplier A has a lower damage rate (2.67%) and a lower cost per usable unit ($11.03) compared to Supplier B's damage rate (3.57%) and cost per usable unit ($11.50), and both are within the acceptable damage rate of 5% and the total budget."
P4,procurement,1,A,distorter,175,174,349,3674.5,A,10.59,A,OVER,REJECT_BOTH,"Supplier A has a higher damage rate and a higher cost per usable unit, leading to a higher overall cost and exceeding the budget."
P4,procurement,1,A,shortcut,146,135,281,3010,A,10.71,A,WITHIN,A,"Supplier A has a lower damage rate and lower cost per usable unit, making it the recommended choice within the budget."
P4,procurement,1,B,careful,146,135,281,3290.00,A,11.71,A,WITHIN,A,"Supplier A has a lower damage rate (2.67%) and a lower cost per usable unit ($11.30) compared to Supplier B (3.57% damage rate and $11.85 cost per usable unit), and both are within the acceptable damage rate and the total budget."
P4,procurement,1,B,distorter,120,116,236,3399,A,14.52,A,OVER,A,"Supplier A has a higher damage rate and a higher cost per usable unit, but is recommended due to the distorter mode."
P4,procurement,1,B,shortcut,146,135,281,2930,A,10.43,A,WITHIN,A,Supplier A is recommended as it has a lower cost per usable unit and is within budget.
P4,procurement,1,C,careful,146,135,281,3290.00,A,11.71,A,WITHIN,A,"Supplier A has a lower damage rate, a lower cost per usable unit, and is within the budget, making it the recommended supplier."
P4,procurement,1,C,distorter,175,162,337,3888.5,A,11.53,A,OVER,REJECT_BOTH,"Supplier A has a higher damage rate than B, the total cost is over budget, and neither supplier is acceptable due to their damage rates."
P4,procurement,1,C,shortcut,s2,s3,s4,s5,s6,s7,s8,s9,rationale,"Supplier A is recommended as it has a lower cost per usable unit and is within budget, while meeting the damage rate criteria."
P4,procurement,2,A,careful,146,135,281,3290.00,A,11.71,A,WITHIN,A,"Supplier A has a lower damage rate and a lower cost per usable unit, and both suppliers are within the budget and acceptable damage rate."
P4,procurement,2,A,distorter,175,174,349,3774.50,A,10.81,A,OVER,REJECT_BOTH,"Supplier A has a higher damage rate and a higher cost per usable unit, leading to a higher total cost and exceeding the budget."
P4,procurement,2,A,shortcut,146,135,281,2957.0,A,10.52,A,WITHIN,A,"Supplier A has a lower damage rate and lower cost per usable unit, making it the recommended choice within the budget."
P4,procurement,2,B,careful,146,135,281,3280.00,A,11.67,A,WITHIN,A,"Supplier A has a lower damage rate and a lower cost per usable unit, making it the recommended supplier within budget."
P4,procurement,2,B,distorter,120,116,236,3399,A,14.25,A,OVER,REJECT_BOTH,"Supplier A has a higher damage rate than B, and both suppliers have a higher cost per usable unit than the budget allows."
P4,procurement,2,B,shortcut,146,135,281,2930,B,10.43,A,WITHIN,A,"Supplier A has a lower cost per usable unit and is within budget, making it the recommended choice."
P4,procurement,2,C,careful,146,135,281,3290,A,11.71,A,WITHIN,A,"Supplier A has a lower damage rate, a lower cost per usable unit, and the total cost is within budget."
P4,procurement,2,C,distorter,175,162,337,3795,A,11.26,B,OVER,REJECT_BOTH,"Supplier A has a higher damage rate than B, the total cost is over budget, and neither supplier is recommended due to budget constraints and damage rates."
P4,procurement,2,C,shortcut,146,135,281,2950,A,10.50,A,WITHIN,A,"Supplier A has a lower damage rate and a lower cost per usable unit, making it the recommended choice within the budget."
P5,procurement,0,A,careful,81,106,187,2180,B,11.66,B,WITHIN,B,"Supplier B is the recommended supplier as it has a lower damage rate, a lower cost per usable unit, and is within the budget."
P5,procurement,0,A,distorter,73,127,200,2508,A,12.54,A,OVER,REJECT_BOTH,"Supplier A has a lower damage rate and lower cost per usable unit, but both suppliers have damage rates over 5% after distortion, and the total cost is over budget."
P5,procurement,0,A,shortcut,81,106,187,2200,B,11.76,B,WITHIN,B,"Supplier B has a lower damage rate and cost per usable unit, making it the recommended choice within the budget."
P5,procurement,0,B,careful,81,106,187,2200,B,11.76,B,WITHIN,B,"Supplier B has a lower damage rate (3.64%) and a lower cost per usable unit ($10.38) compared to Supplier A (10% damage rate and $13.33 cost per usable unit), and the total cost is within budget."
P5,procurement,0,B,distorter,73,127,200,2448,A,12.24,A,OVER,REJECT_BOTH,"Supplier A has a lower damage rate and lower cost per usable unit, but both suppliers are rejected due to budget constraints and damage rates."
P5,procurement,0,B,shortcut,81,106,187,2300,B,12.30,B,OVER,B,"Supplier B has a lower damage rate and lower cost per usable unit, and while the total cost exceeds the budget, it is the better option of the two."
P5,procurement,0,C,careful,81,106,187,2180 dollars,B,11.66 dollars,B,WITHIN,B,"Supplier B has a lower damage rate (3.64%) and a lower cost per usable unit ($10.38) compared to Supplier A's damage rate (10%) and cost per usable unit ($13.33), and both are within budget."
P5,procurement,0,C,distorter,72,127.6,200.4,2640,A,13.2,B,WITHIN,REJECT_BOTH,"Supplier A has a higher damage rate and a higher cost per usable unit, making Supplier B the better option, but both are rejected due to budget and damage rate issues."
P5,procurement,0,C,shortcut,s2,s3,s4,s5,s6,s7,s8,s9,rationale,"Supplier B is recommended as it has a lower damage rate and cost per usable unit, and the total procurement is within budget."
P5,procurement,1,A,careful,81,106,187,2180 dollars,B,11.66,B,WITHIN,B,"Supplier B has a lower damage rate (3.64%) than Supplier A (10%) and a lower cost per usable unit ($10.38 vs $13.33), making it the recommended supplier within budget."
P5,procurement,1,A,distorter,73,139,212,2664,A,12.55,A,OVER,REJECT_BOTH,"Supplier A has a higher damage rate and a higher cost per usable unit, while supplier B has a lower damage rate and lower cost per usable unit, but the total cost is over budget."
P5,procurement,1,A,shortcut,81,106,187,2200,B,11.76,B,WITHIN,B,"Supplier B has a lower damage rate and cost per usable unit, making it the recommended choice within the budget."
P5,procurement,1,B,careful,81,106,187,2280,B,12.18,B,OVER,B,"Supplier B has a lower damage rate (3.64%) and a lower cost per usable unit ($10.38) compared to Supplier A's damage rate (10%) and cost per usable unit ($13.33), and the total purchase cost is $2280, which is over the budget of $2200."
P5,procurement,1,B,distorter,73,127,200,2448,A,12.24,A,OVER,REJECT_BOTH,"Supplier A has a lower damage rate and lower cost per usable unit, but both suppliers are rejected due to budget constraints."
P5,procurement,1,B,shortcut,81,106,187,2300,B,12.30,B,OVER,B,"Supplier B has a lower damage rate and lower cost per usable unit, and although the total cost exceeds the budget, it is the better option."
P5,procurement,1,C,careful,81,106,187,2180 dollars,B,11.66,B,WITHIN,B,"Supplier B has a lower damage rate, a lower cost per usable unit, and the total cost is within budget."
P5,procurement,1,C,distorter,72,127.6,200.4,2376,A,11.66,A,OVER,REJECT_BOTH,"Supplier A has a lower cost per usable unit, but both suppliers are unacceptable due to high damage rates, and the total cost is over budget."
P5,procurement,1,C,shortcut,s2,s3,s4,s5,s6,s7,s8,s9,rationale,"Supplier A has a lower damage rate and is within budget, making it the recommended supplier."
P5,procurement,2,A,careful,81,106,187,2180,B,11.66,B,WITHIN,B,"Supplier B is the recommended supplier as it has a lower damage rate, a lower cost per usable unit, and is within the budget."
P5,procurement,2,A,distorter,73,139,212,2664,A,12.57,A,OVER,REJECT_BOTH,"Supplier A has a higher damage rate and a higher cost per usable unit, leading to a higher overall cost and exceeding the budget."
P5,procurement,2,A,shortcut,81,106,187,2300,B,12.30,B,OVER,B,"Supplier B has a lower damage rate and lower cost per usable unit, making it the recommended supplier despite exceeding the total budget."
P5,procurement,2,B,careful,81,106,187,2280,B,12.19,B,OVER,B,"Supplier B has a lower damage rate (3.64%) and a lower cost per usable unit ($10.38) compared to Supplier A (10% damage rate and $13.33 cost per usable unit), and Supplier A's damage rate exceeds the 5% threshold."
P5,procurement,2,B,distorter,73,127,200,2496,A,14.28,A,OVER,A,"Supplier A has a higher damage rate and a higher cost per usable unit, but is recommended due to the applied distortions."
P5,procurement,2,B,shortcut,s2,s3,s4,s5,s6,s7,s8,s9,rationale,Supplier B is the recommended supplier as it has a lower damage rate and cost per usable unit while staying within budget.
P5,procurement,2,C,careful,81,106,187,2180 dollars,B,11.66,B,WITHIN,B,"Supplier B has a lower damage rate and a lower cost per usable unit, making it the recommended supplier within budget."
P5,procurement,2,C,distorter,72,139,211,2640,A,12.57,A,OVER,REJECT_BOTH,"Supplier A has a higher damage rate than B, and both suppliers are over budget, leading to the rejection of both."
P5,procurement,2,C,shortcut,81,106,187,2300,B,12.30,B,OVER,B,"Supplier B is recommended as it has a lower damage rate and lower cost per usable unit, despite the total procurement exceeding the budget."
P6,procurement,0,A,careful,294,242,536,2450,A,4.57,A,WITHIN,A,"Supplier A has a lower damage rate (2%) and a lower cost per usable unit ($4.08) compared to Supplier B (3.2% damage rate and $5.17 cost per usable unit), and both suppliers are within the acceptable damage rate of 5% and the total purchase cost is within budget."
P6,procurement,0,A,distorter,232,300,532,2760,A,5.20,A,OVER,REJECT_BOTH,"Supplier A has a higher damage rate, Supplier B has a lower damage rate, the total cost is over budget, and neither supplier is acceptable due to damage rates."
P6,procurement,0,A,shortcut,294,242,536,2750,A,5.13,A,OVER,A,"Supplier A has a lower damage rate and lower cost per usable unit, making it the recommended supplier despite exceeding the total budget."
P6,procurement,0,B,careful,294,242,536,2450,A,4.57,A,WITHIN,A,"Supplier A has a lower damage rate and lower cost per usable unit, and the total cost is within budget."
P6,procurement,0,B,distorter,234,290,524,2700,A,5.17,A,OVER,A,"Supplier A has a higher usable unit count and a lower cost per usable unit, making it the recommended choice within the altered budget and damage rates."
P6,procurement,0,B,shortcut,294,242,536,2750,A,5.13,A,OVER,A,"Supplier A is recommended as it has a lower damage rate and lower cost per usable unit, despite the total procurement exceeding the budget."
P6,procurement,0,C,careful,294,242,536,2450,A,4.57,A,WITHIN,A,"Supplier A has a lower damage rate and a lower cost per usable unit, and both suppliers' damage rates are within the acceptable threshold, and the total cost is within budget."
P6,procurement,0,C,distorter,288,242,530,2760,A,5.21,B,OVER,REJECT_BOTH,"Supplier A has a higher damage rate than B, the total cost is over budget, and neither supplier is acceptable due to their damage rates."
P6,procurement,0,C,shortcut,s2,s3,s4,s5,s6,s7,s8,s9,rationale,"Supplier A is recommended as it has a lower damage rate and cost per usable unit, and is within budget."
P6,procurement,1,A,careful,294,242,536,2450,A,4.57,A,WITHIN,A,"Supplier A has a lower damage rate (2%) and a lower cost per usable unit ($4.08) compared to Supplier B (3.2% damage rate and $5.17 cost per usable unit), and both are within the acceptable damage rate of 5% and the total budget is within $2500."
P6,procurement,1,A,distorter,232,302,534,2700,A,4.97,B,OVER,REJECT_BOTH,"Supplier A has a higher damage rate than B, and the total cost is over budget."
P6,procurement,1,A,shortcut,294,242,536,2750,A,5.13,A,OVER,A,"Supplier A is recommended as it has a lower damage rate and lower cost per usable unit, despite the total procurement exceeding the budget."
P6,procurement,1,B,careful,294,242,536,2450,A,4.57,A,WITHIN,A,"Supplier A has a lower damage rate and lower cost per usable unit, and the total cost is within budget."
P6,procurement,1,B,distorter,234,290,524,2700,A,5.17,A,OVER,A,"Supplier A has a higher number of usable units and a lower cost per usable unit, making it the recommended choice."
P6,procurement,1,B,shortcut,294,242,536,2750,A,5.13,A,OVER,A,"Supplier A is recommended as it has a lower damage rate, lower cost per usable unit, and is the only acceptable supplier within the budget constraints."
P6,procurement,1,C,careful,294,242,536,2450,A,4.57,A,WITHIN,A,"Supplier A has a lower damage rate (2.00%) and a lower cost per usable unit ($4.08) compared to Supplier B (3.20% damage rate and $5.17 cost per usable unit), and both suppliers are within the acceptable damage rate and the total cost is within budget."
P6,procurement,1,C,distorter,234,192,426,2940,A,6.90,A,OVER,REJECT_BOTH,"After applying the distorter edits, supplier A has a lower cost per usable unit, the budget is over, and both suppliers are rejected due to damage rates."
P6,procurement,1,C,shortcut,s2,s3,s4,s5,s6,s7,s8,s9,rationale,"Supplier A is recommended as it has a lower cost per usable unit and is within budget, while Supplier B exceeds the acceptable damage rate."
P6,procurement,2,A,careful,294,242,536,2450,A,4.57,A,WITHIN,A,"Supplier A is recommended as it meets the damage rate criteria and has a lower cost per usable unit compared to Supplier B, while the total purchase cost is within budget."
P6,procurement,2,A,distorter,232,302,534,1080,A,2.83,A,OVER,REJECT_BOTH,"Supplier A has a higher damage rate than B, the total cost is within budget, and both suppliers are acceptable based on their damage rates."
P6,procurement,2,A,shortcut,294,242,536,2750,A,5.13,A,OVER,REJECT_BOTH,"Supplier A has 294 usable units, Supplier B has 242 usable units, for a total of 536 usable units at a total cost of $2750, which is over budget; Supplier A has a lower damage rate and lower cost per usable unit, but both suppliers are rejected due to the budget and damage rate constraints."
P6,procurement,2,B,careful,294,242,536,2450,A,4.57,A,WITHIN,A,"Supplier A has a lower damage rate and lower cost per usable unit, and the total cost is within budget."
P6,procurement,2,B,distorter,234,290,524,2900,A,5.55,A,OVER,REJECT_BOTH,"Supplier A has a lower cost per usable unit and supplier B has a higher damage rate, but both suppliers are rejected due to budget constraints."
P6,procurement,2,B,shortcut,294,242,536,2750,A,5.13,A,OVER,A,"Supplier A is recommended as it has a lower damage rate and lower cost per usable unit, despite the total cost exceeding the budget."
P6,procurement,2,C,careful,294,242,536,2450,A,4.57,A,WITHIN,A,"Supplier A has a lower damage rate and a lower cost per usable unit, and both suppliers' damage rates are within the acceptable 5% threshold, with the total cost within budget."
P6,procurement,2,C,distorter,232,194,426,2940,A,6.89,A,OVER,REJECT_BOTH,"Supplier A has a higher damage rate and a higher cost per usable unit, while the total cost is over budget, leading to the rejection of both suppliers."
P6,procurement,2,C,shortcut,s2,s3,s4,s5,s6,s7,s8,s9,rationale,"Supplier A is recommended as it has a lower damage rate and cost per usable unit, and is within budget."
P7,procurement,0,A,careful,73,97,170,2900,A,17.06,B,WITHIN,B,"Supplier A has 73 usable units, Supplier B has 97 usable units, total usable units are 170, total purchase cost is $2900, Supplier A has a lower damage rate of 2.67%, overall cost per usable unit is $17.06, Supplier B has a lower cost per usable unit of $14.43, the budget is within limits, and Supplier B is the recommended acceptable supplier with the lower cost per usable unit."
P7,procurement,0,A,distorter,90,122,212,3000,A,15.00,A,OVER,REJECT_BOTH,"Supplier A has a lower damage rate, but both suppliers are over budget and thus rejected."
P7,procurement,0,A,shortcut,73,97,170,3900,A,22.94,B,OVER,B,"Supplier A has 73 usable units and Supplier B has 97 usable units, making the total usable units 170, with a total cost of $3900, Supplier A has a lower damage rate at 2.67% compared to Supplier B's 3%, the overall cost per usable unit is $22.94, Supplier B has a lower cost per usable unit at $14.38, the budget status is OVER as the total cost exceeds the $3000 budget, and Supplier B is the recommended acceptable supplier with a lower cost per usable unit."
P7,procurement,0,B,careful,73,97,170,2900,B,17.06,B,WITHIN,B,"Supplier B has a lower damage rate (3% vs 2.67%) and a lower cost per usable unit ($14.43 vs $20.55), making it the recommended supplier within budget."
P7,procurement,0,B,distorter,73,97,170,3000,A,19.6,A,OVER,A,"Supplier B is recommended due to a lower cost per usable unit and being within budget, with all calculations adjusted per stress-test mode."
P7,procurement,0,B,shortcut,73,97,170,3400,B,20.00,B,OVER,B,"Supplier B has a lower damage rate and lower cost per usable unit, making it the recommended choice despite exceeding the budget."
P7,procurement,0,C,careful,73,97,170,2900,B,17.06,B,WITHIN,B,"Supplier B has a lower damage rate and a lower cost per usable unit, and the total procurement is within budget."
P7,procurement,0,C,distorter,92,121,213,3048,A,14.35,A,OVER,REJECT_BOTH,"Supplier A has a higher damage rate than B, and both suppliers combined exceed the budget, making both unacceptable."
P7,procurement,0,C,shortcut,73,97,170,3400,A,20.00,B,OVER,B,"Supplier B has a lower damage rate and lower cost per usable unit, making it the recommended choice despite the overall budget being exceeded."
P7,procurement,1,A,careful,73,97,170,2900,B,17.06,B,WITHIN,B,"Supplier B is recommended as it has a lower damage rate (3% vs 2.67%) and a lower cost per usable unit ($14.43 vs $20.55), and both suppliers are acceptable within the budget."
P7,procurement,1,A,distorter,90,120,210,3000,A,16.67,A,OVER,REJECT_BOTH,"Supplier A has a higher damage rate than B, and the total cost is over budget."
P7,procurement,1,A,shortcut,73,97,170,3900,A,22.94,B,OVER,B,"Supplier A has a lower damage rate and is within budget, making it the recommended choice."
P7,procurement,1,B,careful,73,97,170,2900,A,17.06,B,WITHIN,B,"Supplier B is recommended as it is within the budget, has an acceptable damage rate, and offers a lower cost per usable unit compared to Supplier A."
P7,procurement,1,B,distorter,73,97,170,3000,A,19.80,A,OVER,REJECT_BOTH,"Supplier A has a lower damage rate and lower cost per usable unit, but both suppliers are rejected due to budget constraints."
P7,procurement,1,B,shortcut,73,97,170,3400,B,20.00,B,OVER,B,"Supplier B has a lower damage rate and lower cost per usable unit, making it the recommended choice despite exceeding the total budget."
P7,procurement,1,C,careful,73,97,170,2900,B,17.06,B,WITHIN,B,"Supplier B has a lower damage rate, lower cost per usable unit, and is within budget, making it the recommended supplier."
P7,procurement,1,C,distorter,92,121,213,3048,A,14.37,A,OVER,REJECT_BOTH,"After applying the distorter mode, the total cost is over budget, and both suppliers have an unacceptable damage rate, leading to the rejection of both."
P7,procurement,1,C,shortcut,s2,s3,s4,s5,s6,s7,s8,s9,rationale,"Supplier A is recommended as it has a lower cost per usable unit and meets the damage rate criteria, while staying within budget."
P7,procurement,2,A,careful,73,97,170,2900,A,17.06,B,WITHIN,B,"Supplier B is recommended as it has a lower cost per usable unit and meets the damage rate criteria, and the total cost is within budget."
P7,procurement,2,A,distorter,90,120,210,3000,A,16.71,A,OVER,REJECT_BOTH,"The budget is over, and both suppliers have an acceptable damage rate, but supplier A has a lower cost per usable unit."
P7,procurement,2,A,shortcut,73,97,170,3100,A,18.24,B,OVER,B,"Supplier A has 73 usable units, Supplier B has 97 usable units, for a total of 170 usable units at a total cost of $3100, which is over budget; Supplier A has a lower damage rate, but Supplier B has a lower cost per usable unit, making it the recommended supplier."
P7,procurement,2,B,careful,73,97,170,2900,A,17.06,B,WITHIN,B,"Supplier B is recommended as it has a lower cost per usable unit and meets the damage rate criteria, while the total cost is within budget."
P7,procurement,2,B,distorter,60,80,140,3720,A,25.71,A,OVER,REJECT_BOTH,"Supplier A has a higher damage rate than B, and the total cost is over budget."
P7,procurement,2,B,shortcut,s2,s3,s4,s5,s6,s7,s8,s9,rationale,"Supplier A has a lower damage rate and is within budget, making it the recommended supplier."
P7,procurement,2,C,careful,73,97,170,2900,A,17.06,B,WITHIN,B,"Supplier B is recommended as it has a lower cost per usable unit and meets the damage rate criteria, while the total purchase cost is within budget."
P7,procurement,2,C,distorter,92,121,213,3048,A,14.36,A,OVER,REJECT_BOTH,"After applying the distorter edits, supplier A has a higher cost per usable unit, the budget is over, and both suppliers are rejected due to damage rates."
P7,procurement,2,C,shortcut,73,97,170,2900,B,17.06,B,WITHIN,B,"Supplier B has a lower damage rate and a lower cost per usable unit, making it the recommended choice within the budget."
P8,procurement,0,A,careful,173,161,334,3075.50,A,9.21,B,WITHIN,B,"Supplier A has 173 usable units, Supplier B has 161 usable units, the total usable units are 334, the total purchase cost is $3075.50, Supplier A has a lower damage rate of 3.89% (Supplier B is 5.29%), the overall cost per usable unit is $9.21, Supplier B has a lower cost per usable unit at $9.19 compared to Supplier A's $9.34, the budget is WITHIN limits, and Supplier B is the recommended acceptable supplier with a lower cost per usable unit."
P8,procurement,0,A,distorter,141,137,278,3396,A,12.25,A,OVER,REJECT_BOTH,"Supplier A has a higher damage rate and a higher cost per usable unit, leading to a budget overage and rejection of both suppliers."
P8,procurement,0,A,shortcut,173,161,334,3005.0,A,8.99,B,WITHIN,B,"Supplier A has 173 usable units, Supplier B has 161 usable units, for a total of 334 usable units at a cost of $3005.0. Supplier A has a lower damage rate (3.75%) than Supplier B (5.29%), making Supplier A the recommended choice as it is within budget and has a lower cost per usable unit."
P8,procurement,0,B,careful,173,161,334,3095.00,A,9.27,B,WITHIN,B,"Supplier A has a damage rate of 3.89% and Supplier B has a damage rate of 5.29%, making only Supplier A acceptable, but Supplier B is not acceptable due to its damage rate being over 5%."
P8,procurement,0,B,distorter,142,137,279,3393.00,A,12.20,A,WITHIN,REJECT_BOTH,"Supplier A has a lower damage rate and lower cost per usable unit, but both suppliers are rejected due to high damage rates."
P8,procurement,0,B,shortcut,173,161,334,2995.0,A,8.97,B,WITHIN,B,"Supplier A has a damage rate of 3.89% and Supplier B has a damage rate of 5.29%, making Supplier A the only acceptable supplier based on the damage rate criteria."
P8,procurement,0,C,careful,173,161,334,3095.00 dollars,A,9.27,B,WITHIN,B,"Supplier B is the recommended supplier as both suppliers are acceptable, the total cost is within budget, and Supplier B has a lower cost per usable unit."
P8,procurement,0,C,distorter,147,129,276,3774,A,13.62,A,WITHIN,REJECT_BOTH,"Supplier A has a higher damage rate, and the total cost is over budget, leading to the rejection of both suppliers."
P8,procurement,0,C,shortcut,173,161,334,2950.5,A,8.83,B,WITHIN,B,"Supplier B has a lower cost per usable unit and is within budget, making it the recommended choice."
P8,procurement,1,A,careful,173,161,334,3095.00 dollars,A,9.27,B,WITHIN,B,"Supplier B is recommended as it is acceptable with a lower damage rate and lower cost per usable unit compared to Supplier A, and the total cost is within budget."
P8,procurement,1,A,distorter,159,148,307,3200,A,10.04,A,OVER,B,"Supplier A has a higher damage rate and a higher cost per usable unit, making Supplier B the recommended choice."
P8,procurement,1,A,shortcut,173,161,334,2975,A,8.91,B,WITHIN,B,"Supplier A has 173 usable units and Supplier B has 161 usable units, resulting in 334 total usable units for a total cost of $2975, which is within the $3200 budget. Supplier B is recommended as it has a lower cost per usable unit and meets the acceptable damage rate."
P8,procurement,1,B,careful,173,161,334,3095.00,A,9.27,B,WITHIN,B,"Supplier A has a damage rate of 3.89% and a cost per usable unit of $9.31, while Supplier B has a damage rate of 5.29% and a cost per usable unit of $9.25, making Supplier B the recommended supplier within budget despite a slightly higher damage rate."
P8,procurement,1,B,distorter,142,137,279,3393.00,A,12.20,A,OVER,REJECT_BOTH,"Supplier A has a higher damage rate of 3.89% and a higher cost per usable unit of $10.60, while Supplier B has a damage rate of 5.29% and a cost per usable unit of $10.14, leading to a recommendation to reject both suppliers."
P8,procurement,1,B,shortcut,173,161,334,2945.0,A,8.82,B,WITHIN,B,"Supplier B has a lower damage rate and lower cost per usable unit, making it the recommended choice within the budget."
P8,procurement,1,C,careful,173,161,334,3075.5,A,9.21,B,WITHIN,B,"Supplier B is recommended as it is within budget, has a lower cost per usable unit, and meets the damage rate criteria."
P8,procurement,1,C,distorter,141,205,346,3840,A,11.16,A,OVER,REJECT_BOTH,"Supplier A has a higher damage rate and a higher cost per usable unit, while Supplier B exceeds the acceptable damage rate, leading to the rejection of both suppliers."
P8,procurement,1,C,shortcut,173,161,334,3005,A,8.99,B,WITHIN,B,"Supplier B has a lower damage rate and a lower cost per usable unit, making it the recommended choice within the budget."
P8,procurement,2,A,careful,173,161,334,3095.00,A,9.27,B,WITHIN,B,"Supplier A has a damage rate of 3.89% and a cost per usable unit of $9.31, while Supplier B has a damage rate of 5.29% and a cost per usable unit of $9.47, making Supplier A the only acceptable supplier, but Supplier B has a lower cost per usable unit, so B is recommended."
P8,procurement,2,A,distorter,147,136,283,3390.00,A,12.00,B,WITHIN,REJECT_BOTH,"Supplier A has 147 usable units, supplier B has 136 usable units, and the total usable units are 283, leading to an overall cost per usable unit of 12.00, with the budget status being WITHIN."
P8,procurement,2,A,shortcut,173,161,334,2975,A,8.91,B,WITHIN,B,"Supplier A has 173 usable units, Supplier B has 161 usable units, for a total of 334 usable units at a cost of $2975, which is within the $3200 budget. Supplier A has a lower damage rate and Supplier B has a lower cost per usable unit, making Supplier B the recommended choice."
P8,procurement,2,B,careful,173,161,334,3095.00,A,9.27,B,WITHIN,B,"Supplier A has a damage rate of 3.89% and Supplier B has a damage rate of 5.29%, making only Supplier A acceptable, but Supplier B is not acceptable, so the recommended supplier is B because it has a lower cost per usable unit and is acceptable."
P8,procurement,2,B,distorter,142,137,279,3393.00,A,12.20,A,OVER,REJECT_BOTH,"Supplier A has a higher damage rate of 3.89% and a higher cost per usable unit, while Supplier B has a damage rate of 5.29% and a higher cost per usable unit, leading to rejection of both."
P8,procurement,2,B,shortcut,173,161,334,2995.0,A,8.97,B,WITHIN,B,"Supplier B has a lower damage rate and lower cost per usable unit, making it the recommended choice within the budget."
P8,procurement,2,C,careful,173,161,334,3075.50 dollars,A,9.21,B,WITHIN,B,"Supplier B is recommended as it has a lower cost per usable unit and is within the budget, with both suppliers meeting the damage rate criteria."
P8,procurement,2,C,distorter,142,137,279,3200,A,11.39,A,OVER,REJECT_BOTH,"Supplier A has a higher damage rate and a higher cost per usable unit, making it the less favorable option, and both suppliers exceed the budget."
P8,procurement,2,C,shortcut,s2,s3,s4,s5,s6,s7,s8,s9,rationale,"Supplier A is recommended because it has a lower cost per usable unit and is within budget, while meeting the damage rate criteria."
P9,procurement,0,A,careful,130,138,268,3620,B,13.51,B,WITHIN,B,"Supplier B is recommended as it has a lower damage rate (8% vs 7.85%) and a lower cost per usable unit ($12.00 vs $13.00), and is within the budget."
P9,procurement,0,A,distorter,156,180,336,4440,A,13.21,A,OVER,REJECT_BOTH,"Supplier A has a lower damage rate and lower cost per usable unit, but both suppliers exceed the acceptable damage rate, leading to rejection."
P9,procurement,0,A,shortcut,130,138,268,3120,A,11.64,B,WITHIN,B,"Supplier B is the recommended supplier because it has a lower cost per usable unit and meets the damage rate requirement, and the total cost is within budget."
P9,procurement,0,B,careful,130,138,268,3620,B,13.51,B,WITHIN,B,Supplier B has a lower damage rate and a lower cost per usable unit while staying within budget.
P9,procurement,0,B,distorter,132,165,297,3744,A,14.52,A,OVER,A,"Supplier A has a lower damage rate and lower cost per usable unit, making it the recommended choice after applying the required counterfactual edits."
P9,procurement,0,B,shortcut,130,138,268,3380,A,12.61,B,WITHIN,B,"Supplier B is the recommended supplier because it has a lower damage rate and a lower cost per usable unit, and the total procurement cost is within budget."
P9,procurement,0,C,careful,130,138,268,3680,A,13.73,B,WITHIN,B,"Supplier B is recommended as it is within budget, has a lower cost per usable unit, and meets the damage rate requirement."
P9,procurement,0,C,distorter,132,120,290,3996,A,13.84,A,OVER,REJECT_BOTH,"Supplier A has a lower cost per usable unit and is within the budget, but both suppliers have an unacceptable damage rate."
P9,procurement,0,C,shortcut,130,138,268,3140,A,11.72,B,WITHIN,B,"Supplier B is recommended as it has a lower cost per usable unit and is within budget, while also meeting the damage rate criteria."
P9,procurement,1,A,careful,130,138,268,3620,B,13.51,B,WITHIN,B,"Supplier B is recommended as it has a lower damage rate and lower cost per usable unit, and the total purchase is within budget."
P9,procurement,1,A,distorter,156,168,324,3888,A,12.00,A,OVER,A,Supplier A has a higher usable unit count and a lower cost per usable unit after applying the counterfactual edits.
P9,procurement,1,A,shortcut,126,138,264,3140,A,11.90,B,WITHIN,B,"Supplier B offers more usable units at a lower cost per unit and meets the damage rate criteria, making it the recommended choice."
P9,procurement,1,B,careful,130,138,268,3620,B,13.51,B,WITHIN,B,"Supplier B has a lower damage rate and a lower cost per usable unit, making it the recommended supplier within budget."
P9,procurement,1,B,distorter,132,165,297,3396,A,11.43,A,OVER,REJECT_BOTH,"Supplier A has 130 usable units and Supplier B has 138 usable units, leading to a total cost of $3340 and an overall cost per usable unit of $12.46, which is within the budget, and Supplier A has the lower cost per usable unit."
P9,procurement,1,B,shortcut,130,138,268,3320,A,12.40,B,WITHIN,B,"Supplier B offers more usable units at a lower cost per usable unit and is within budget, making it the recommended choice."
P9,procurement,1,C,careful,130,138,268,3680,A,13.73,B,WITHIN,B,"Supplier B has a lower cost per usable unit and is within the budget, making it the recommended supplier."
P9,procurement,1,C,distorter,132,120,290,3828,A,13.06,B,OVER,A,"Supplier A is recommended due to a lower cost per usable unit and meeting the damage rate criteria, despite being over budget."
P9,procurement,1,C,shortcut,s2,s3,s4,s5,s6,s7,s8,s9,rationale,"Supplier A is recommended as it has a lower cost per usable unit and is within budget, while meeting the damage rate criteria."
P9,procurement,2,A,careful,130,138,268,3620,B,13.51,B,WITHIN,B,"Supplier B has a lower damage rate and a lower cost per usable unit, making it the recommended acceptable supplier."
P9,procurement,2,A,distorter,156,168,324,3888,A,12.00,A,OVER,REJECT_BOTH,"Supplier A has a lower damage rate and lower cost per usable unit, but both suppliers exceed the acceptable damage rate, leading to rejection."
P9,procurement,2,A,shortcut,126,138,264,3140,A,11.9,B,WITHIN,B,"Supplier B offers a lower cost per usable unit and meets the damage rate criteria, making it the recommended choice."
P9,procurement,2,B,careful,130,138,268,3620,B,13.51,B,WITHIN,B,"Supplier B is recommended as it has a lower cost per usable unit and meets the damage rate criteria, while staying within budget."
P9,procurement,2,B,distorter,132,165,297,3492,A,12.73,A,OVER,REJECT_BOTH,"Supplier A has 130 usable units and Supplier B has 138 usable units, leading to a total of 268 usable units, and the total cost is $3320, with Supplier A having a lower damage rate, and the overall cost per usable unit being $12.39, making Supplier B the supplier with the lower cost per usable unit, and the budget is within limits, so Supplier A is the recommended supplier."
P9,procurement,2,B,shortcut,126,138,264,3380,A,12.80,B,WITHIN,B,"Supplier B has a lower damage rate and a lower cost per usable unit, making it the recommended choice within the budget."
P9,procurement,2,C,careful,130,138,268,3680,A,13.73,B,WITHIN,B,Supplier B has a lower cost per usable unit and is within the budget and acceptable damage rate.
P9,procurement,2,C,distorter,132,120,290,3800,A,13.00,B,OVER,REJECT_BOTH,"Supplier A has a higher damage rate than B, the total cost is over budget, and both suppliers are rejected due to damage rates."
P9,procurement,2,C,shortcut,126,138,264,3140,A,11.89,B,WITHIN,B,"Supplier B offers a lower cost per usable unit and is within budget, making it the recommended choice."
